"baseMean","log2FoldChange","lfcSE","stat","pvalue","padj","gene_id","DEG_status","Segment"
41.775168323049,-2.52894867356387,0.780691657717502,3.23936940860585,0.00119794309998379,0.0473680548361365,"Tarv.1014.HPI3.1.g003790.t1","DOWN in weep","Segment.1"
438.418081068835,-1.8384904103378,0.297083761460356,6.18845810117809,6.0755551331392e-10,3.34570448282968e-07,"Tarv.1014.HPI3.1.g003800.t1","DOWN in weep","Segment.1"
190.344043360109,1.256730270666,0.324389085604443,-3.87414474295366,0.000106999806339635,0.00751973665068465,"Tarv.1014.HPI3.1.g004460.t1","UP in weep","Segment.1"
1554.91321840033,1.02287350073086,0.173207275853544,-5.90548806734747,3.51604237207915e-09,1.62010621789394e-06,"Tarv.1014.HPI3.1.g004850.t1","UP in weep","Segment.1"
12136.3293567478,1.32531107342926,0.232354630328295,-5.70382897709731,1.17145616745413e-08,4.26598989496441e-06,"Tarv.1014.HPI3.1.g005280.t1","UP in weep","Segment.1"
15135.7640492825,1.30117961273813,0.222018625142024,-5.86067773325673,4.60981840804926e-09,2.04079372582228e-06,"Tarv.1014.HPI3.1.g005440.t1","UP in weep","Segment.1"
97.421758957138,1.36167573052645,0.386698531860423,-3.5212849761166,0.000429460809600937,0.0224973692788166,"Tarv.1014.HPI3.1.g007210.t1","UP in weep","Segment.1"
371.195148034077,1.11030762288813,0.343590908283204,-3.23148138126215,0.00123150346684186,0.0482723702679785,"Tarv.1014.HPI3.1.g007790.t1","UP in weep","Segment.1"
64.5984510640579,-1.7058744649261,0.384066474725634,4.44161252591683,8.9287234041503e-06,0.00101302872873822,"Tarv.1014.HPI3.1.g007850.t1","DOWN in weep","Segment.1"
366.60890367617,1.04359950537972,0.195661832776025,-5.33368971645242,9.62369148932882e-08,2.38773303786886e-05,"Tarv.1014.HPI3.1.g012930.t1","UP in weep","Segment.1"
5807.6275122614,1.16242768092511,0.2428498200711,-4.78661125046246,1.69620933096803e-06,0.00025362261109004,"Tarv.1014.HPI3.1.g014850.t1","UP in weep","Segment.1"
15419.278111513,1.29979241595804,0.184684857069251,-7.0378938294365,1.95167301200169e-12,2.20324366324871e-09,"Tarv.1014.HPI3.1.g015440.t1","UP in weep","Segment.1"
8.53082469405937,4.80628616953805,1.4230668437246,-3.3774142028062,0.000731707758238236,0.0332456116355045,"Tarv.1014.HPI3.1.g017540.t1","UP in weep","Segment.1"
55.2510475141256,1.45272431142845,0.435565583233322,-3.33525964251924,0.000852197893170455,0.037361017537869,"Tarv.1014.HPI3.1.g020880.t1","UP in weep","Segment.1"
198.508590243252,1.75013689617018,0.5070711306892,-3.45146231021165,0.000557557622887793,0.0272479134406073,"Tarv.1014.HPI3.1.g023070.t1","UP in weep","Segment.1"
480.672240578223,1.86118090401559,0.345222625283351,-5.39124833573111,6.99698995193232e-08,1.90334986909311e-05,"Tarv.1014.HPI3.1.g023120.t1","UP in weep","Segment.1"
740.273509809343,1.60068001402837,0.324288627922641,-4.93597331575317,7.97520119483244e-07,0.000135386535772125,"Tarv.1014.HPI3.1.g023960.t1","UP in weep","Segment.1"
1717.91056446644,1.9638602831469,0.51541753012366,-3.81023183801244,0.000138836534527609,0.00905968577041723,"Tarv.1014.HPI3.1.g024450.t1","UP in weep","Segment.1"
289.007563733996,1.16437302706599,0.219259763185425,-5.31047288453603,1.09341152324918e-07,2.65452100773332e-05,"Tarv.1014.HPI3.1.g024590.t1","UP in weep","Segment.1"
1085.28415797013,1.08880900828058,0.232251058643982,-4.68806908626246,2.75794920340381e-06,0.000364146064996791,"Tarv.1014.HPI3.1.g025610.t1","UP in weep","Segment.1"
10795.0404832075,1.59462626983399,0.189573251386762,-8.41166281724351,4.04238547152974e-17,1.30384255965998e-13,"Tarv.1014.HPI3.1.g027090.t1","UP in weep","Segment.1"
12632.5347373297,1.38809277038809,0.256713646008373,-5.40716394306057,6.40305295655499e-08,1.80710162066373e-05,"Tarv.1014.HPI3.1.g028740.t1","UP in weep","Segment.1"
35.7933641974968,-1.16790357018871,0.361482915174112,3.23086796405351,0.00123414936140844,0.0482922431228418,"Tarv.1014.HPI3.1.g029480.t1","DOWN in weep","Segment.1"
982.722743041968,1.50435236264241,0.283400684883067,-5.30821710350881,1.10702736836726e-07,2.65898552372298e-05,"Tarv.1014.HPI3.1.g030830.t1","UP in weep","Segment.1"
1411.68804243335,1.37563177654904,0.275039156522784,-5.00158520677793,5.68608260505642e-07,0.000100822752808965,"Tarv.1014.HPI3.1.g030840.t1","UP in weep","Segment.1"
118.401994989327,1.64957836428212,0.471644857386922,-3.49750100832512,0.000469638937352322,0.0238817746115782,"Tarv.1014.HPI3.1.g030910.t1","UP in weep","Segment.1"
1846.09992384106,1.0311882364379,0.18260206961732,-5.64718811018392,1.630933470321e-08,5.84495490363613e-06,"Tarv.1014.HPI3.1.g031060.t1","UP in weep","Segment.1"
573.846435366458,1.02015486470189,0.2588598307637,-3.94095469232203,8.11579558650725e-05,0.00621147229668341,"Tarv.1014.HPI3.1.g031760.t1","UP in weep","Segment.1"
367.166435526633,-1.54630717967574,0.219261747722194,7.05233446207369,1.75940667686365e-12,2.0907307342225e-09,"Tarv.1014.HPI3.1.g031790.t1","DOWN in weep","Segment.1"
158.473306957288,-1.02514355632616,0.297788755074385,3.44251936601866,0.0005763225984759,0.0278634081978348,"Tarv.1014.HPI3.1.g034040.t1","DOWN in weep","Segment.1"
233.911793925537,-1.22734698661276,0.319556776705959,3.8407790917922,0.000122644446657394,0.0082658696018825,"Tarv.1014.HPI3.1.g036340.t1","DOWN in weep","Segment.1"
337.076000831836,-1.25534681706208,0.239402433653156,5.2436677351443,1.57415569382464e-07,3.51893933219533e-05,"Tarv.1014.HPI3.1.g036920.t1","DOWN in weep","Segment.1"
1685.00302351664,-1.55874837606505,0.26904210829464,5.79369670400441,6.8853755125201e-09,2.77603586288712e-06,"Tarv.1014.HPI3.1.g037450.t1","DOWN in weep","Segment.1"
8386.75066944721,-1.60560716791905,0.489907744203043,3.27736637544069,0.00104780312580634,0.0427799258127586,"Tarv.1014.HPI3.1.g041430.t1","DOWN in weep","Segment.1"
101.506422399115,1.06405671245454,0.330002759124952,-3.2243873211122,0.00126242526649752,0.0489742915240224,"Tarv.1014.HPI3.1.g041530.t1","UP in weep","Segment.1"
845.173101108228,-1.66683709021012,0.197560244433412,8.43710785533032,3.25286271434574e-17,1.2240522394083e-13,"Tarv.1014.HPI3.1.g042470.t1","DOWN in weep","Segment.1"
822.161516791955,1.01797933199692,0.242157435708914,-4.20379134349846,2.62480919540649e-05,0.00246928925057865,"Tarv.1014.HPI3.1.g043900.t1","UP in weep","Segment.1"
16062.091366802,1.32217304868162,0.192531208072523,-6.86731809309368,6.54200903354163e-12,6.71388545269558e-09,"Tarv.1014.HPI3.1.g044310.t1","UP in weep","Segment.1"
867.84791593279,1.03576879886762,0.220327990371337,-4.70103139016498,2.58850715587995e-06,0.000350750771025252,"Tarv.1014.HPI3.1.g045210.t1","UP in weep","Segment.1"
12481.7913362994,1.11752976431585,0.172836439387842,-6.46582264870736,1.00749185947459e-10,6.49918605806209e-08,"Tarv.1014.HPI3.1.g045570.t1","UP in weep","Segment.1"
1112.83753257965,-1.08965474747722,0.253668335620426,4.29558835087608,1.74230628339782e-05,0.00175050633554653,"Tarv.1014.HPI3.1.g045710.t1","DOWN in weep","Segment.1"
4202.65588458603,1.32414410986384,0.253694890566698,-5.21943546795916,1.79469333388678e-07,3.85910343738055e-05,"Tarv.1014.HPI3.1.g046100.t1","UP in weep","Segment.1"
795.643753211587,1.39271201573186,0.238046193529434,-5.85059561374444,4.89815789284212e-09,2.12674247893441e-06,"Tarv.1014.HPI3.1.g049890.t1","UP in weep","Segment.1"
17183.5424010288,1.09178656534766,0.225390303447005,-4.84398196661714,1.2726248806399e-06,0.000198160859000605,"Tarv.1014.HPI3.2.g050680.t1","UP in weep","Segment.1"
25.899843682249,-2.27879798658261,0.571815898836772,3.98519521968225,6.74246697721922e-05,0.00524935929005708,"Tarv.1014.HPI3.2.g051820.t1","DOWN in weep","Segment.1"
19606.8557802805,1.2893210403384,0.212882722391521,-6.05648511938493,1.39128004281512e-09,6.98051573481774e-07,"Tarv.1014.HPI3.2.g052200.t1","UP in weep","Segment.1"
272.514286814431,1.99828580177594,0.311520137379559,-6.41462801918711,1.41167121781961e-10,8.85353132109198e-08,"Tarv.1014.HPI3.2.g053390.t1","UP in weep","Segment.1"
148.885281220076,1.09715591505754,0.323256867998816,-3.39406838236632,0.000688624951496565,0.0317031469898211,"Tarv.1014.HPI3.2.g053820.t1","UP in weep","Segment.1"
790.119622869512,1.04012963155328,0.2161632243962,-4.81177885118357,1.49592830532874e-06,0.000228209927552111,"Tarv.1014.HPI3.2.g055440.t1","UP in weep","Segment.1"
186.861734876974,1.34131706815114,0.381131948713637,-3.51929842847924,0.000432689695779864,0.0226140461836059,"Tarv.1014.HPI3.2.g058270.t1","UP in weep","Segment.1"
658.257918843464,-1.24637973017769,0.161916738231339,7.69765833842904,1.38582314582344e-14,2.40685499895397e-11,"Tarv.1014.HPI3.2.g058290.t1","DOWN in weep","Segment.1"
271.292185221799,-1.21466126664736,0.233062742821128,5.21173505445097,1.87082606326595e-07,3.98485951475646e-05,"Tarv.1014.HPI3.2.g059070.t1","DOWN in weep","Segment.1"
46.8296932227852,-1.16918795102467,0.355697805043244,3.28702604977427,0.00101251467043276,0.0418691506026205,"Tarv.1014.HPI3.2.g059310.t1","DOWN in weep","Segment.1"
2830.99393310115,1.23492929649328,0.154509336464483,-7.99258688666465,1.32136323110584e-15,2.98337390319077e-12,"Tarv.1014.HPI3.2.g059350.t1","UP in weep","Segment.1"
4.50304239032898,5.89191431273899,1.5942611537753,-3.69570211178174,0.000219279958279105,0.0129944957953429,"Tarv.1014.HPI3.2.g060070.t1","UP in weep","Segment.1"
172.815426085128,1.86006595128228,0.309442972656342,-6.01101371058767,1.84366810940392e-09,9.04920403785255e-07,"Tarv.1014.HPI3.2.g060920.t1","UP in weep","Segment.1"
2021.53310531575,1.95844513880169,0.237100518917898,-8.25997828996677,1.45698965102148e-16,4.11198904259537e-13,"Tarv.1014.HPI3.2.g060950.t1","UP in weep","Segment.1"
31.1736519812938,5.35576078084057,1.39185552689393,-3.84792866598195,0.000119120725065873,0.00812540099860203,"Tarv.1014.HPI3.2.g060960.t1","UP in weep","Segment.1"
12.5758038185673,5.18908843839847,1.52364698962357,-3.40570255035289,0.000659940386617698,0.0309774096653937,"Tarv.1014.HPI3.2.g061600.t1","UP in weep","Segment.1"
1126.9692935176,1.12651860209244,0.194869227418397,-5.78089530613129,7.43041224269421e-09,2.94322539676403e-06,"Tarv.1014.HPI3.2.g063780.t1","UP in weep","Segment.1"
826.632383500232,1.83785074993873,0.248874743359569,-7.38464146714734,1.5286474569766e-13,2.30092015224118e-10,"Tarv.1014.HPI3.2.g066740.t1","UP in weep","Segment.1"
95.4964739411698,2.17265403299077,0.626535927108419,-3.46772457729277,0.000524884954068197,0.0261031993236823,"Tarv.1014.HPI3.2.g066760.t1","UP in weep","Segment.1"
24.44310042864,5.26438674177854,1.30734769645907,-4.02676866761384,5.65486179706953e-05,0.004559838201937,"Tarv.1014.HPI3.2.g066770.t1","UP in weep","Segment.1"
2243.24146324797,1.08914856162724,0.230436674754274,-4.72645494814855,2.28473452910446e-06,0.000318424297519263,"Tarv.1014.HPI3.2.g066850.t1","UP in weep","Segment.1"
303.848654318328,1.19800794192399,0.153196403601347,-7.82007876008296,5.27902971354465e-15,1.08354484429465e-11,"Tarv.1014.HPI3.2.g068160.t1","UP in weep","Segment.1"
4309.80936137341,1.10021471768309,0.220010857216677,-5.00072919855744,5.71138864370493e-07,0.000100822752808965,"Tarv.1014.HPI3.2.g068980.t1","UP in weep","Segment.1"
1333.80073391186,1.11168334802931,0.224593140835334,-4.94976535745752,7.43030075097703e-07,0.00012709191693603,"Tarv.1014.HPI3.2.g070310.t1","UP in weep","Segment.1"
338.278060901687,-1.04044074961542,0.274600987347831,3.78891845824836,0.000151304562585416,0.00976044118301007,"Tarv.1014.HPI3.2.g073710.t1","DOWN in weep","Segment.1"
5.47270404887264,5.55825912808851,1.45341884008664,-3.82426522540273,0.00013116266175543,0.00863379177001195,"Tarv.1014.HPI3.2.g076480.t1","UP in weep","Segment.1"
39.8917524719086,-2.60834696264393,0.692071823358812,3.76889634082329,0.000163970961139192,0.0103123575504197,"Tarv.1014.HPI3.2.g079020.t1","DOWN in weep","Segment.1"
164.415604173845,-1.09666439870781,0.28793314136217,3.80874668862239,0.000139672955122089,0.00906188500214521,"Tarv.1014.HPI3.2.g080050.t1","DOWN in weep","Segment.1"
404.920468593173,-1.05159334666921,0.279730827558058,3.75930445653494,0.000170386390044695,0.0106564651369227,"Tarv.1014.HPI3.2.g080130.t1","DOWN in weep","Segment.1"
131.981839725641,-1.82525908648116,0.443744711975899,4.1133089301587,3.90027875611918e-05,0.00345335269630035,"Tarv.1014.HPI3.2.g081500.t1","DOWN in weep","Segment.1"
1271.56417339904,1.08124482129008,0.191639425767737,-5.64207921704237,1.68008761305262e-08,5.92703408242221e-06,"Tarv.1014.HPI3.2.g082200.t1","UP in weep","Segment.1"
861.316548798892,1.32128244388313,0.245455792144797,-5.38297520843871,7.32646323445499e-08,1.96924865366101e-05,"Tarv.1014.HPI3.2.g084110.t1","UP in weep","Segment.1"
218.152889403502,1.28560743096915,0.337786828410692,-3.80597265150336,0.000141247991120079,0.00913781416478267,"Tarv.1014.HPI3.2.g084490.t1","UP in weep","Segment.1"
573.604012846693,1.42594212976845,0.269318503118773,-5.2946311272924,1.19256890114986e-07,2.77585779898573e-05,"Tarv.1014.HPI3.2.g084800.t1","UP in weep","Segment.1"
14.3797902271001,5.43455800461799,1.45153878403522,-3.7439977935072,0.000181115243592868,0.0110818969372352,"Tarv.1014.HPI3.2.g086490.t1","UP in weep","Segment.1"
2495.27760670944,1.10412230319737,0.210701765028886,-5.24021383041573,1.60390635245994e-07,3.55029388488633e-05,"Tarv.1014.HPI3.2.g087080.t1","UP in weep","Segment.1"
633.345664707115,1.29247893227682,0.292326736210423,-4.42135040069158,9.80859626351084e-06,0.00109092850461846,"Tarv.1014.HPI3.2.g087330.t1","UP in weep","Segment.1"
10116.7756896044,1.45369804691621,0.169583944274674,-8.57214433320212,1.0157567005668e-17,4.58675095707944e-14,"Tarv.1014.HPI3.2.g087780.t1","UP in weep","Segment.1"
10679.1946503152,1.47516910802706,0.168572005698651,-8.75097322306385,2.11520564289809e-18,1.19392782513383e-14,"Tarv.1014.HPI3.2.g087820.t1","UP in weep","Segment.1"
1561.66495984777,1.33920087093745,0.280269871777025,-4.77825483861813,1.7682318661261e-06,0.000259241162814254,"Tarv.1014.HPI3.2.g088350.t1","UP in weep","Segment.1"
8038.33517642525,1.31501366764274,0.168485014170125,-7.80492956076751,5.95347874231946e-15,1.12014702536741e-11,"Tarv.1014.HPI3.2.g090010.t1","UP in weep","Segment.1"
254.235141394476,1.17907212793905,0.30283098570897,-3.89349896008387,9.88086262134682e-05,0.00710478077276333,"Tarv.1014.HPI3.2.g090200.t1","UP in weep","Segment.1"
2204.25110363772,1.00595735122124,0.216908599337452,-4.63770156782137,3.52304972265955e-06,0.00044687312718094,"Tarv.1014.HPI3.2.g090960.t1","UP in weep","Segment.1"
118.165354257193,2.09683885837394,0.553790100612771,-3.78634225504171,0.000152881070857976,0.00983404221604384,"Tarv.1014.HPI3.2.g091540.t1","UP in weep","Segment.1"
189.419964260181,1.62771066253659,0.3490094906314,-4.66380057342243,3.10422225330153e-06,0.0004051279192777,"Tarv.1014.HPI3.3.g094040.t1","UP in weep","Segment.1"
195.685417730061,-1.17770727709112,0.284358572513353,4.14162747647012,3.44850120543294e-05,0.0030653645754435,"Tarv.1014.HPI3.3.g094350.t1","DOWN in weep","Segment.1"
283.779806924956,1.68589670079726,0.49857201211474,-3.3814507429857,0.000721041588614359,0.0330216571759331,"Tarv.1014.HPI3.3.g094500.t1","UP in weep","Segment.1"
117.918379541983,3.18618929977122,0.630152635274271,-5.0562183214301,4.27651741647425e-07,8.04626751909631e-05,"Tarv.1014.HPI3.3.g096050.t1","UP in weep","Segment.1"
343.773892472949,-1.01677074047234,0.259951389088303,3.91138798695531,9.17672149331655e-05,0.00679318091397053,"Tarv.1014.HPI3.3.g096190.t1","DOWN in weep","Segment.1"
34.4389808637383,2.07406141473975,0.569391269708781,-3.64259433728329,0.0002699040130248,0.0152347320151848,"Tarv.1014.HPI3.3.g100060.t1","UP in weep","Segment.1"
190.64566228638,1.46528522318803,0.4015719821754,-3.6488731490934,0.000263393113556602,0.0149795710777858,"Tarv.1014.HPI3.3.g105020.t1","UP in weep","Segment.1"
3183.67310236217,1.0218490324968,0.232531098917568,-4.39446180426405,1.11047525761458e-05,0.00120539953684721,"Tarv.1014.HPI3.3.g105030.t1","UP in weep","Segment.1"
3759.16010367126,1.13719780617588,0.271873840913843,-4.18281436107807,2.87922488494915e-05,0.0026496239275859,"Tarv.1014.HPI3.3.g106200.t1","UP in weep","Segment.1"
311.103318345048,1.0067372861242,0.281820637970435,-3.57226246230348,0.00035391044955395,0.0189614149225289,"Tarv.1014.HPI3.3.g106950.t1","UP in weep","Segment.1"
184.614257664891,1.78184690645379,0.351492708964343,-5.06937088881279,3.99132782109091e-07,7.63696606310089e-05,"Tarv.1014.HPI3.3.g111960.t1","UP in weep","Segment.1"
1193.20771848726,1.06557773003557,0.221325111210578,-4.81453606509989,1.47542257064697e-06,0.000226612862585491,"Tarv.1014.HPI3.3.g113810.t1","UP in weep","Segment.1"
853.58861896469,1.11693308055818,0.27222107950447,-4.10303670307737,4.07762532319458e-05,0.00352738025084626,"Tarv.1014.HPI3.3.g114100.t1","UP in weep","Segment.1"
314.803563351982,1.05317140858231,0.250186304055762,-4.20954861041304,2.55881387137403e-05,0.00243767508809632,"Tarv.1014.HPI3.3.g116710.t1","UP in weep","Segment.1"
1974.07500261125,1.45339566200516,0.292664303115448,-4.96608450888468,6.83181933267974e-07,0.000118652936071725,"Tarv.1014.HPI3.3.g118220.t1","UP in weep","Segment.1"
308.692053924423,1.24470592276056,0.325376760005006,-3.82542970414177,0.000130544181997516,0.00861820626064305,"Tarv.1014.HPI3.3.g118850.t1","UP in weep","Segment.1"
98.7340145011421,1.17347285952348,0.31467530053442,-3.72915464776087,0.00019212322045478,0.0116293782075818,"Tarv.1014.HPI3.3.g119940.t1","UP in weep","Segment.1"
597.72382465251,-1.05784192497821,0.178527540407355,5.92537108036372,3.11592954751311e-09,1.46565536091148e-06,"Tarv.1014.HPI3.3.g120480.t1","DOWN in weep","Segment.1"
7284.63348369595,1.11979564720982,0.21986847481319,-5.09302503763327,3.52395140093451e-07,6.91858910698255e-05,"Tarv.1014.HPI3.3.g123240.t1","UP in weep","Segment.1"
18.0178514886526,-5.50113052487644,1.34105266647616,4.10209879327975,4.09419380375809e-05,0.00352819495042939,"Tarv.1014.HPI3.3.g123520.t1","DOWN in weep","Segment.1"
229.769156168751,1.6259722186297,0.382033001782431,-4.25610408274543,2.08019896129724e-05,0.00201640091898215,"Tarv.1014.HPI3.3.g124070.t1","UP in weep","Segment.1"
11.0788646091692,4.12776124010021,1.1719152562558,-3.52223526237569,0.000427924205008401,0.0224690062806504,"Tarv.1014.HPI3.3.g127170.t1","UP in weep","Segment.1"
771.448399344068,1.26675199241396,0.288955529995335,-4.38389946174213,1.16573589108898e-05,0.00124150872400977,"Tarv.1014.HPI3.4.g129830.t1","UP in weep","Segment.1"
551.06293405884,1.10554481692241,0.248785894080665,-4.44376004920905,8.84001919853772e-06,0.00100803006800295,"Tarv.1014.HPI3.4.g129880.t1","UP in weep","Segment.1"
1751.40581893124,1.45406223453071,0.209166564583194,-6.95169535068004,3.60922172350974e-12,3.88042895587633e-09,"Tarv.1014.HPI3.4.g130060.t1","UP in weep","Segment.1"
177.649345546797,1.71836284815088,0.420388442742668,-4.08755967918639,4.35934554976121e-05,0.00370019939182363,"Tarv.1014.HPI3.4.g132810.t1","UP in weep","Segment.1"
8.36211804056748,-6.08818069624606,1.44572491717646,4.21116121325242,2.54061351405174e-05,0.0024305920305195,"Tarv.1014.HPI3.4.g134480.t1","DOWN in weep","Segment.1"
50.9519193104674,-2.69179621181628,0.692082366841508,3.88941597240943,0.000100485753092557,0.00720243597880559,"Tarv.1014.HPI3.4.g142810.t1","DOWN in weep","Segment.1"
665.914983761749,1.49643011104828,0.280026502150491,-5.34388745192437,9.09740671162693e-08,2.28223609705681e-05,"Tarv.1014.HPI3.4.g145260.t1","UP in weep","Segment.1"
3197.75753652957,1.0327279717619,0.251321276806824,-4.10919435426751,3.97041825231398e-05,0.00348809740469825,"Tarv.1014.HPI3.4.g145370.t1","UP in weep","Segment.1"
93.3785140651226,-1.14720143213412,0.299474452259751,3.83071552006408,0.000127771162349571,0.00850978555613162,"Tarv.1014.HPI3.4.g145910.t1","DOWN in weep","Segment.1"
857.151460031303,1.03716356952025,0.292862030355605,-3.54147503608058,0.000397896508456648,0.0209899704858276,"Tarv.1014.HPI3.4.g150010.t1","UP in weep","Segment.1"
603.551120002607,1.11073022571684,0.246361240555461,-4.50854291532434,6.52743667929876e-06,0.000783917368857486,"Tarv.1014.HPI3.4.g150500.t1","UP in weep","Segment.1"
43.6026519438915,1.55867683466876,0.363641394608349,-4.28630199360965,1.81671981513394e-05,0.00181495132681832,"Tarv.1014.HPI3.4.g151560.t1","UP in weep","Segment.1"
1648.36338229189,1.19536540549702,0.252105462976404,-4.74152916554968,2.1211111461552e-06,0.000300708871542166,"Tarv.1014.HPI3.4.g152220.t1","UP in weep","Segment.1"
3524.63822272246,1.35196837211382,0.211086981245573,-6.4047927737475,1.50573751807058e-10,9.18825450891825e-08,"Tarv.1014.HPI3.4.g152560.t1","UP in weep","Segment.1"
217.031961603192,1.49257379588508,0.289652731418316,-5.15297676834094,2.56383737251114e-07,5.35984446264412e-05,"Tarv.1014.HPI3.4.g153330.t1","UP in weep","Segment.1"
12939.2786998696,1.11125795542743,0.178339145951134,-6.23114992224934,4.6302372032179e-10,2.61353738935634e-07,"Tarv.1014.HPI3.4.g153350.t1","UP in weep","Segment.1"
2182.96583415966,-1.17864111710318,0.271446248848102,4.34207922233153,1.41140618480353e-05,0.00147531152039325,"Tarv.1014.HPI3.4.g155310.t1","DOWN in weep","Segment.1"
239.809054316064,1.84179985047581,0.383881442854962,-4.79783507318868,1.6038975631407e-06,0.000243038920675105,"Tarv.1014.HPI3.4.g155400.t1","UP in weep","Segment.1"
4400.79532530088,1.48155923236577,0.391673679543734,-3.78263669412674,0.000155175825431608,0.00989909039584022,"Tarv.1014.HPI3.4.g156640.t1","UP in weep","Segment.1"
1564.77537526435,1.13723942993986,0.209395440549027,-5.4310610916745,5.60199510411038e-08,1.6215621212898e-05,"Tarv.1014.HPI3.4.g157260.t1","UP in weep","Segment.1"
18257.9003628266,1.52972955737836,0.20930143310477,-7.30873905011736,2.69660869375078e-13,3.58141359338266e-10,"Tarv.1014.HPI3.4.g157290.t1","UP in weep","Segment.1"
13628.7563856112,1.24923505431803,0.192650112527662,-6.4844761206078,8.90406249424237e-11,6.09199766651528e-08,"Tarv.1014.HPI3.4.g157540.t1","UP in weep","Segment.1"
3380.8480137375,1.38941085459786,0.258407258442355,-5.3768259567206,7.58103904714814e-08,1.99028720472687e-05,"Tarv.1014.HPI3.4.g157550.t1","UP in weep","Segment.1"
298.327022525493,-1.36598865290881,0.262426708608776,5.20521962170101,1.93767303843028e-07,4.08867120202607e-05,"Tarv.1014.HPI3.4.g159940.t1","DOWN in weep","Segment.1"
7493.77340139675,1.28069059750742,0.197191901837685,-6.49464093389392,8.32316819828611e-11,5.87251536190325e-08,"Tarv.1014.HPI3.4.g160720.t1","UP in weep","Segment.1"
514.799297301811,1.36323806905088,0.288630058601762,-4.72313270369325,2.32239199599372e-06,0.000319725405399672,"Tarv.1014.HPI3.4.g161390.t1","UP in weep","Segment.1"
1778.75571181159,1.048031621726,0.192699041196493,-5.43869660803,5.36717605237009e-08,1.57376754429106e-05,"Tarv.1014.HPI3.4.g162590.t1","UP in weep","Segment.1"
219.313048924141,1.27592254883663,0.286075820742993,-4.4600852512555,8.19270578396759e-06,0.000948589288156001,"Tarv.1014.HPI3.4.g163140.t1","UP in weep","Segment.1"
381.07491749113,1.01358062250179,0.259032932406602,-3.91294115804078,9.1178758128703e-05,0.00677182237180874,"Tarv.1014.HPI3.4.g165510.t1","UP in weep","Segment.1"
2477.2066874115,1.28807818413801,0.236602736551082,-5.44405446409502,5.20812843225452e-08,1.54722531241372e-05,"Tarv.1014.HPI3.4.g166240.t1","UP in weep","Segment.1"
2716.01324080942,1.39750594046983,0.25454679651812,-5.49017296460202,4.0154032698533e-08,1.22513209495605e-05,"Tarv.1014.HPI3.4.g166360.t1","UP in weep","Segment.1"
256.410377994376,1.62440060057767,0.330333917676758,-4.91745023339444,8.76787371171338e-07,0.000143450038161641,"Tarv.1014.HPI3.4.g166930.t1","UP in weep","Segment.1"
8400.72731831122,1.10666909953431,0.215221304450891,-5.14200535285217,2.71821370856429e-07,5.63044303779491e-05,"Tarv.1014.HPI3.4.g167180.t1","UP in weep","Segment.1"
33.7324624170177,2.63046140408126,0.757202971311426,-3.4739184917955,0.000512916817881701,0.0256208759162235,"Tarv.1014.HPI3.4.g168340.t1","UP in weep","Segment.1"
7009.3395789786,1.22972477397788,0.362553228818648,-3.39184615176328,0.000694234095079472,0.031858571948586,"Tarv.1014.HPI3.4.g169630.t1","UP in weep","Segment.1"
21513.7308671032,1.32116652795186,0.204095366128846,-6.47328037383171,9.58977671095662e-11,6.3681758405876e-08,"Tarv.1014.HPI3.4.g171100.t1","UP in weep","Segment.1"
218.614059025899,2.65926963380746,0.480536761425743,-5.53395670690722,3.13086283351675e-08,1.0325519987075e-05,"Tarv.1014.HPI3.5.g174370.t1","UP in weep","Segment.1"
42.0665596112258,-1.79325784241902,0.543121680663677,3.3017607402962,0.00096079988377071,0.0403214493973515,"Tarv.1014.HPI3.5.g174970.t1","DOWN in weep","Segment.1"
848.930193399536,1.44833753216645,0.289402502230137,-5.00457847117959,5.59844029343961e-07,0.000100822752808965,"Tarv.1014.HPI3.5.g176530.t1","UP in weep","Segment.1"
372.908575783374,1.10979750350042,0.308351671236863,-3.59912919897203,0.000319284541993034,0.0174971028862105,"Tarv.1014.HPI3.5.g176730.t1","UP in weep","Segment.1"
494.892154021917,1.19589893640945,0.239152156718676,-5.00057767748352,5.71587933366442e-07,0.000100822752808965,"Tarv.1014.HPI3.5.g179870.t1","UP in weep","Segment.1"
241.590749379991,1.47645739501657,0.421980052300859,-3.4988795962419,0.000467217510808808,0.023837539370252,"Tarv.1014.HPI3.5.g182130.t1","UP in weep","Segment.1"
68.7038329574057,1.43565503239841,0.36744218611556,-3.90715896717121,9.33877157487512e-05,0.00684580469537436,"Tarv.1014.HPI3.5.g183570.t1","UP in weep","Segment.1"
24.1730665046437,3.1597254469998,0.75947496147323,-4.16040765961602,3.1768004161199e-05,0.00288725108290084,"Tarv.1014.HPI3.5.g185110.t1","UP in weep","Segment.1"
17.8503619943073,-2.47320645288296,0.684968668687508,3.61068551883104,0.000305388770266258,0.0169430500871159,"Tarv.1014.HPI3.5.g186080.t1","DOWN in weep","Segment.1"
749.861422880827,1.01583392847771,0.212484395920095,-4.78074601233173,1.7464589533187e-06,0.000259241162814254,"Tarv.1014.HPI3.5.g187810.t1","UP in weep","Segment.1"
122.450544391328,-1.67679797376509,0.399637121416371,4.19580135054091,2.71908490498263e-05,0.00252639913517275,"Tarv.1014.HPI3.5.g190360.t1","DOWN in weep","Segment.1"
689.713470107155,1.13292802131312,0.246932237462125,-4.58801180824718,4.47487333183086e-06,0.000555130165308116,"Tarv.1014.HPI3.5.g192340.t1","UP in weep","Segment.1"
36.8535810870063,-1.32170724569392,0.405505443553143,3.25940691230376,0.00111645411818703,0.0452554777027412,"Tarv.1014.HPI3.5.g192350.t1","DOWN in weep","Segment.1"
114.076176928661,1.71132998193834,0.424791353595737,-4.02863657052438,5.61012669409578e-05,0.00453997994621127,"Tarv.1014.HPI3.5.g194960.t1","UP in weep","Segment.1"
1459.01944386014,-1.04258304361848,0.212420007268867,4.90812074165332,9.19532405046865e-07,0.000149361170080202,"Tarv.1014.HPI3.5.g195970.t1","DOWN in weep","Segment.1"
421.451679812813,1.64411646350711,0.287669114298303,-5.71530408301748,1.09508022468046e-08,4.05323300210416e-06,"Tarv.1014.HPI3.5.g197950.t1","UP in weep","Segment.1"
241.217421780126,1.27831008750536,0.340495606691654,-3.75426308705055,0.0001738521898406,0.0108133188490939,"Tarv.1014.HPI3.5.g199090.t1","UP in weep","Segment.1"
45.1595383947425,3.31438949208981,0.796444098916187,-4.16148414760066,3.16185950191051e-05,0.00288725108290084,"Tarv.1014.HPI3.5.g201550.t1","UP in weep","Segment.1"
1745.30619059247,1.63584124725123,0.240201046344107,-6.81030025534425,9.73952548575429e-12,8.4576540929754e-09,"Tarv.1014.HPI3.5.g202170.t1","UP in weep","Segment.1"
19.4615171543526,3.35976708282692,0.932254127516471,-3.60391762681422,0.000313456436104138,0.0173037149495336,"Tarv.1014.HPI3.5.g204030.t1","UP in weep","Segment.1"
198.841515760055,1.04093201096358,0.23712397498302,-4.38982186865801,1.13443550390196e-05,0.00121389975389092,"Tarv.1014.HPI3.5.g206950.t1","UP in weep","Segment.1"
586.131365974027,-1.4799039037818,0.252302312886046,5.865597849078,4.47517257919776e-09,2.02080892986254e-06,"Tarv.1014.HPI3.5.g208270.t1","DOWN in weep","Segment.1"
3355.20344242398,1.01954919850976,0.25569782412078,-3.987320588337,6.68237020410294e-05,0.00522057281897011,"Tarv.1014.HPI3.5.g210410.t1","UP in weep","Segment.1"
240.453700753467,-1.44753256517664,0.19710025501418,7.34414354295229,2.07080791409699e-13,2.92216881778012e-10,"Tarv.1014.HPI3.5.g210460.t1","DOWN in weep","Segment.1"
45.8595871927214,-1.14774897795342,0.35072716996267,3.27248378868275,0.00106606985982958,0.0434471575726213,"Tarv.1014.HPI3.5.g210480.t1","DOWN in weep","Segment.1"
530.584075104192,1.03753041356285,0.197109810423269,-5.26371777911449,1.41171103553337e-07,3.18736117602724e-05,"Tarv.1014.HPI3.5.g210620.t1","UP in weep","Segment.1"
1507.09819175984,1.00294643489079,0.244871073320044,-4.0958142637777,4.20687119411834e-05,0.00359783097806076,"Tarv.1014.HPI3.5.g210860.t1","UP in weep","Segment.1"
13641.6418347489,1.10105186671667,0.19981879995279,-5.51025162285436,3.58321100413773e-08,1.15573911502031e-05,"Tarv.1014.HPI3.5.g211330.t1","UP in weep","Segment.1"
604.568784020212,1.11405977790781,0.273882446145706,-4.0676567395456,4.74882655887376e-05,0.00398583665599449,"Tarv.1014.HPI3.5.g211440.t1","UP in weep","Segment.1"
24.9409791684198,5.75743909683313,1.37665052206256,-4.1822081963163,2.8869141916296e-05,0.0026496239275859,"Tarv.1014.HPI3.5.g211540.t1","UP in weep","Segment.1"
706.066702858174,1.34480831488438,0.26186660003384,-5.13547094096994,2.81438366210088e-07,5.72460849755978e-05,"Tarv.1014.HPI3.5.g211860.t1","UP in weep","Segment.1"
234.861516207801,1.34123772831815,0.287958043886595,-4.65775399157233,3.19677895650022e-06,0.000414809628045184,"Tarv.1014.HPI3.5.g212580.t1","UP in weep","Segment.1"
80.950975452231,-1.91690263366114,0.488844269605066,3.92129508894476,8.80743265453333e-05,0.00660645230810809,"Tarv.1014.HPI3.5.g214430.t1","DOWN in weep","Segment.1"
118.579810747878,1.43373477032107,0.432747235449204,-3.3130997794424,0.00092268056252378,0.0393293806764713,"Tarv.1014.HPI3.5.g216260.t1","UP in weep","Segment.1"
516.623919876588,1.57564915336633,0.319535223082415,-4.93106562139454,8.17822531657393e-07,0.000137796993431049,"Tarv.1014.HPI3.5.g216540.t1","UP in weep","Segment.1"
1288.9908897103,1.07836925113465,0.215627637915108,-5.00107157672987,5.70125396896606e-07,0.000100822752808965,"Tarv.1014.HPI3.5.g218040.t1","UP in weep","Segment.1"
101.901161305705,1.51212089368317,0.39966200450382,-3.78349924847237,0.00015463879172677,0.00989909039584022,"Tarv.1014.HPI3.5.g218130.t1","UP in weep","Segment.1"
683.513131416429,-1.56117042461057,0.23186955999878,6.73296841818643,1.66236155827803e-11,1.29423445733798e-08,"Tarv.1014.HPI3.5.g218630.t1","DOWN in weep","Segment.1"
13462.8255993523,1.37819533474385,0.206573718408617,-6.67168769270872,2.52878267530198e-11,1.90316184143227e-08,"Tarv.1014.HPI3.5.g218890.t1","UP in weep","Segment.1"
6319.49118274967,1.07435307791836,0.220193873634043,-4.8791233842587,1.06558390062286e-06,0.000168243030127713,"Tarv.1014.HPI3.5.g218900.t1","UP in weep","Segment.1"
151.46391016725,1.26532848974564,0.345596285285316,-3.66129077082241,0.000250947753868543,0.0144170442413332,"Tarv.1014.HPI3.5.g219160.t1","UP in weep","Segment.1"
1033.94031342668,1.46034031275307,0.21682766554001,-6.73502760413941,1.63898815802658e-11,1.29423445733798e-08,"Tarv.1014.HPI3.5.g221600.t1","UP in weep","Segment.1"
1298.56376696385,1.17967099919382,0.20543611364002,-5.7422766537578,9.3412042877621e-09,3.57467305778123e-06,"Tarv.1014.HPI3.5.g221680.t1","UP in weep","Segment.1"
50.371932085729,1.31020970267688,0.365829943037784,-3.58147201346381,0.000341663742339298,0.0184547463505662,"Tarv.1014.HPI3.5.g221820.t1","UP in weep","Segment.1"
3870.18414463921,1.09904962054511,0.207496670586456,-5.29670966497351,1.17907940522548e-07,2.77585779898573e-05,"Tarv.1014.HPI3.5.g222600.t1","UP in weep","Segment.1"
500.424762701961,1.21051229936901,0.309682676156251,-3.90887961313742,9.27251542631969e-05,0.00681937632884189,"Tarv.1014.HPI3.5.g222610.t1","UP in weep","Segment.1"
2904.38366960829,1.17692297716467,0.353111394580782,-3.33300764355659,0.000859125820895371,0.0374275097555563,"Tarv.1014.HPI3.5.g222770.t1","UP in weep","Segment.1"
1758.90878271096,-1.18987994135586,0.186179915208998,6.39102203919335,1.64780627538845e-10,9.79057107518958e-08,"Tarv.1014.HPI3.5.g222800.t1","DOWN in weep","Segment.1"
1328.78561999538,1.18696068052509,0.230979913234141,-5.1388047726985,2.76491468795329e-07,5.6751130749645e-05,"Tarv.1014.HPI3.5.g222860.t1","UP in weep","Segment.1"
977.223664686262,1.07574000588704,0.171623638468484,-6.26801771298293,3.65673196113815e-10,2.11696651842506e-07,"Tarv.1014.HPI3.5.g222980.t1","UP in weep","Segment.1"
1933.30596809452,1.20569973341666,0.217927231801596,-5.53257949201292,3.15555354375131e-08,1.0325519987075e-05,"Tarv.1014.HPI3.6.g223350.t1","UP in weep","Segment.1"
764.41291060166,1.06103785605617,0.19569700712143,-5.42183997427103,5.89886788534476e-08,1.68588150778879e-05,"Tarv.1014.HPI3.6.g225890.t1","UP in weep","Segment.1"
1841.22939261312,1.76126085228009,0.371391975458027,-4.74232339055786,2.11280995610127e-06,0.000300708871542166,"Tarv.1014.HPI3.6.g228640.t1","UP in weep","Segment.1"
956.902495376579,1.27730061418573,0.277673612551521,-4.60000718991163,4.22476358375674e-06,0.00053203440284103,"Tarv.1014.HPI3.6.g231040.t1","UP in weep","Segment.1"
5626.38959869257,1.07890833627994,0.241679556227525,-4.46421018443209,8.03646453125904e-06,0.0009352953411689,"Tarv.1014.HPI3.6.g234160.t1","UP in weep","Segment.1"
1504.52183822803,-1.28746860060441,0.250992963251627,5.12950077932541,2.90511568740908e-07,5.80874766869328e-05,"Tarv.1014.HPI3.6.g234870.t1","DOWN in weep","Segment.1"
1699.7217137582,1.00348739169729,0.239554531523748,-4.18897269575469,2.8022010976118e-05,0.00259295476974915,"Tarv.1014.HPI3.6.g236010.t1","UP in weep","Segment.1"
166.602029785841,1.0062298404308,0.214426318020138,-4.69266016280845,2.69675257903159e-06,0.000358160468996325,"Tarv.1014.HPI3.6.g237450.t1","UP in weep","Segment.1"
1118.33337513468,1.02321976431716,0.246283223683875,-4.15464662599411,3.25790646696109e-05,0.00293055825542022,"Tarv.1014.HPI3.6.g237560.t1","UP in weep","Segment.1"
488.521159459469,1.58674689168002,0.395309906628952,-4.01393151315428,5.97156797453099e-05,0.00476417179254278,"Tarv.1014.HPI3.6.g238540.t1","UP in weep","Segment.1"
606.206722197262,1.44896381899991,0.431051983731386,-3.36145957723476,0.000775317041383395,0.034789053888454,"Tarv.1014.HPI3.6.g238660.t1","UP in weep","Segment.1"
300.705427567518,1.31992487554527,0.305893827026376,-4.3149771552319,1.59619409030867e-05,0.00163071810728458,"Tarv.1014.HPI3.6.g245580.t1","UP in weep","Segment.1"
722.243015918759,1.38906504907371,0.322506100371313,-4.30709697421049,1.65411104681631e-05,0.00168227564031616,"Tarv.1014.HPI3.6.g245910.t1","UP in weep","Segment.1"
2179.83678868833,1.16237610403992,0.292047378132428,-3.98009429659335,6.88879372368109e-05,0.00534485170767256,"Tarv.1014.HPI3.6.g246800.t1","UP in weep","Segment.1"
1504.48686993218,-1.65331064132375,0.440689281566142,3.75164704584631,0.00017567666794584,0.0108669255037841,"Tarv.1014.HPI3.6.g248750.t1","DOWN in weep","Segment.1"
42.936400006937,3.04034532646366,0.691717410717906,-4.39535752513185,1.1059058078403e-05,0.00120539953684721,"Tarv.1014.HPI3.6.g255940.t1","UP in weep","Segment.1"
10.2479274861181,-3.78643800939767,1.02172308420071,3.70593369959902,0.000210613393452906,0.0125467788849069,"Tarv.1014.HPI3.6.g262260.t1","DOWN in weep","Segment.1"
2388.33638545049,1.43294536458359,0.260484306433004,-5.50108136726517,3.77468949386424e-08,1.20035125904883e-05,"Tarv.1014.HPI3.6.g264600.t1","UP in weep","Segment.1"
173.830875932445,1.29967256799048,0.350562302204921,-3.7073939776638,0.00020940303867098,0.0125076767383952,"Tarv.1014.HPI3.7.g270940.t1","UP in weep","Segment.1"
83.2269341774157,-1.4551346516986,0.377978014497484,3.8497864846271,0.000118220835633843,0.00808845462709369,"Tarv.1014.HPI3.7.g272030.t1","DOWN in weep","Segment.1"
902.252256896731,-2.14578108668834,0.237854832739173,9.02138948356524,1.85718537806651e-19,2.09657657329929e-15,"Tarv.1014.HPI3.7.g274890.t1","DOWN in weep","Segment.1"
263.832368214935,1.26519421469707,0.23418339959099,-5.40257856409454,6.5689670639782e-08,1.81830490346389e-05,"Tarv.1014.HPI3.7.g275340.t1","UP in weep","Segment.1"
43849.1713559665,1.13141596581331,0.209458262996017,-5.40162965943639,6.60381796811228e-08,1.81830490346389e-05,"Tarv.1014.HPI3.7.g279250.t1","UP in weep","Segment.1"
570.971395758332,-1.53811307642727,0.18811422458229,8.17648468552908,2.92244649039508e-16,7.33144409557112e-13,"Tarv.1014.HPI3.7.g279910.t1","DOWN in weep","Segment.1"
881.860850379084,1.12436181730368,0.255268095750663,-4.40463119371532,1.05963997350092e-05,0.00117277212361293,"Tarv.1014.HPI3.7.g280750.t1","UP in weep","Segment.1"
1980.37448286379,1.0535008917795,0.231271713149214,-4.55525181801974,5.23228589979438e-06,0.000638565140786797,"Tarv.1014.HPI3.7.g281000.t1","UP in weep","Segment.1"
119.120227926213,2.02605081875192,0.403939291994939,-5.01573097468644,5.28322116962856e-07,9.69793232259135e-05,"Tarv.1014.HPI3.7.g281350.t1","UP in weep","Segment.1"
28.0567422086067,2.10629873095174,0.458087644833318,-4.59802562830121,4.26513539349041e-06,0.00053203440284103,"Tarv.1014.HPI3.7.g282170.t1","UP in weep","Segment.1"
594.10952878078,1.3487241815725,0.233652975260387,-5.77233900004677,7.81786306110645e-09,3.04330538264933e-06,"Tarv.1014.HPI3.7.g282980.t1","UP in weep","Segment.1"
9988.67975352371,1.04506693313439,0.188444132793968,-5.54576530263742,2.9267118921507e-08,9.86258225387738e-06,"Tarv.1014.HPI3.7.g283060.t1","UP in weep","Segment.1"
13437.6578659237,1.24260964458818,0.36759070890508,-3.38041635570569,0.000723761006406086,0.0330485358783253,"Tarv.1014.HPI3.7.g285290.t1","UP in weep","Segment.1"
293.300205388007,2.00226020281849,0.417823258109513,-4.79212242008245,1.65026150659048e-06,0.000248397361971998,"Tarv.1014.HPI3.7.g286970.t1","UP in weep","Segment.1"
319.241755331071,1.6669365129378,0.379572364062275,-4.391617174385,1.12510673610142e-05,0.00120965047084276,"Tarv.1014.HPI3.7.g287020.t1","UP in weep","Segment.1"
35970.4171187813,1.38046461152039,0.202543273707627,-6.81565270596495,9.38367372942119e-12,8.4576540929754e-09,"Tarv.1014.HPI3.7.g287690.t1","UP in weep","Segment.1"
82.5948588477298,-2.94342392334045,0.478691934335282,6.14888973934295,7.80271950680705e-10,4.09697211685325e-07,"Tarv.1014.HPI3.7.g288560.t1","DOWN in weep","Segment.1"
112.373177517322,-1.31071111681148,0.276487023570418,4.74058818343661,2.13098677680691e-06,0.000300708871542166,"Tarv.1014.HPI3.7.g289370.t1","DOWN in weep","Segment.1"
716.122925219053,1.27843166818484,0.251730252660216,-5.07857778187058,3.80270745190316e-07,7.3382503289803e-05,"Tarv.1014.HPI3.7.g294270.t1","UP in weep","Segment.1"
444.27239215182,1.25292771674453,0.255986124360632,-4.89451418460251,9.85488690030131e-07,0.000157803997471633,"Tarv.1014.HPI3.7.g294760.t1","UP in weep","Segment.1"
1244.43303738422,1.05584788582466,0.234862890976185,-4.49559264742134,6.93764419558581e-06,0.000824411213936508,"Tarv.1014.HPI3.7.g295350.t1","UP in weep","Segment.1"
1189.79104414292,-1.03138529137674,0.0993434245815753,10.3820186964647,2.99376816744766e-25,6.75932976846332e-21,"Tarv.1014.HPI3.7.g296480.t1","DOWN in weep","Segment.1"
59.7334080150468,1.08070949272914,0.297881826385043,-3.62798061850275,0.000285646698225261,0.0159636909716088,"Tarv.1014.HPI3.7.g296780.t1","UP in weep","Segment.1"
206.892564013715,1.31298428205966,0.379143628139687,-3.46302610570556,0.000534136569571737,0.0263313001480146,"Tarv.1014.HPI3.7.g299120.t1","UP in weep","Segment.1"
92.4576983713398,1.46237691908211,0.387882496015875,-3.77015445167771,0.000163146549065797,0.0102891697899653,"Tarv.1014.HPI3.7.g299390.t1","UP in weep","Segment.1"
7552.27236720842,1.66581621425268,0.189720122935263,-8.7803875966341,1.62912254947457e-18,1.19392782513383e-14,"Tarv.1014.HPI3.7.g299500.t1","UP in weep","Segment.1"
127.657004215436,1.56685431771853,0.269581208604019,-5.8121792903601,6.16647439999737e-09,2.57827146302112e-06,"Tarv.1014.HPI3.7.g300060.t1","UP in weep","Segment.1"
36.4291734164034,-2.5271883111473,0.711045302726644,3.55418747786715,0.00037914883213073,0.0200948881029287,"Tarv.1014.HPI3.7.g300220.t1","DOWN in weep","Segment.1"
32.8442541194381,1.40095654008365,0.404646797815247,-3.46217132483846,0.00053583594228491,0.0263575248472956,"Tarv.1014.HPI3.7.g302940.t1","UP in weep","Segment.1"
379.762391861555,-2.14324228478603,0.345855596553134,6.1969281577225,5.75757646228988e-10,7.26426601099497e-07,"Tarv.1014.HPI3.1.g000320.t1","DOWN in weep","Segment.2"
487.704501188651,-1.36452680556004,0.319381120599537,4.27240909856715,1.93372391281081e-05,0.0032846531878991,"Tarv.1014.HPI3.1.g000820.t1","DOWN in weep","Segment.2"
258.110389276872,-3.17284708434282,0.571793802193561,5.54893577399911,2.874137291015e-08,2.0473128922643e-05,"Tarv.1014.HPI3.1.g000880.t1","DOWN in weep","Segment.2"
552.178724002242,-4.02367066401682,0.52442054746358,7.67260299673185,1.68540524787866e-14,9.30427967091416e-11,"Tarv.1014.HPI3.1.g001810.t1","DOWN in weep","Segment.2"
39.3550637568042,-2.13544046597222,0.608682279530724,3.50830069772785,0.000450978999262265,0.0351723330717958,"Tarv.1014.HPI3.1.g002720.t1","DOWN in weep","Segment.2"
18.3633979469947,5.4447206282868,1.49576578505497,-3.6400890317776,0.000272543786704656,0.0243478593926272,"Tarv.1014.HPI3.1.g003410.t1","UP in weep","Segment.2"
334.111998620843,-4.47842474707717,1.17601666436961,3.80813034607615,0.000140021464472542,0.0153067028637756,"Tarv.1014.HPI3.1.g003960.t1","DOWN in weep","Segment.2"
149.877300914569,-1.30177896802953,0.322177505802155,4.04056442360358,5.33227142768196e-05,0.00795589308554548,"Tarv.1014.HPI3.1.g004900.t1","DOWN in weep","Segment.2"
178.969998325207,-2.17035906009497,0.547715566401985,3.96256596165843,7.41485116799382e-05,0.0099687510189363,"Tarv.1014.HPI3.1.g005110.t1","DOWN in weep","Segment.2"
2961.68951807461,-3.49091389329612,0.462359541010821,7.55021489480719,4.3454064907523e-14,1.80584157779739e-10,"Tarv.1014.HPI3.1.g005910.t1","DOWN in weep","Segment.2"
14.7705122715362,6.07930494326667,1.33723417779952,-4.5461782567287,5.46287745133284e-06,0.00129518532637287,"Tarv.1014.HPI3.1.g006880.t1","UP in weep","Segment.2"
594.101846717478,-2.92836254717205,0.867771280545088,3.37457877763898,0.000739287530503384,0.0494695371168962,"Tarv.1014.HPI3.1.g008540.t1","DOWN in weep","Segment.2"
175.304739107081,-3.46600960633855,0.644734654083266,5.37586987823199,7.62138199967942e-08,3.82489448447548e-05,"Tarv.1014.HPI3.1.g010180.t1","DOWN in weep","Segment.2"
56.8986463131647,-5.36343737163153,1.30058960098033,4.12385072707701,3.72590410771424e-05,0.006005504708507,"Tarv.1014.HPI3.1.g010190.t1","DOWN in weep","Segment.2"
14.5854747068202,-4.83953862649912,1.40352099465466,3.44814124258249,0.00056445877999432,0.0410448581123483,"Tarv.1014.HPI3.1.g012220.t1","DOWN in weep","Segment.2"
169.006675481671,-1.63809332011726,0.46288724322586,3.53886036845904,0.000401858356191907,0.0321515805124264,"Tarv.1014.HPI3.1.g012510.t1","DOWN in weep","Segment.2"
525.968271790496,-2.67701760748003,0.709719440180274,3.7719378333501,0.000161984618907669,0.0169092884919899,"Tarv.1014.HPI3.1.g014320.t1","DOWN in weep","Segment.2"
28.9783800625819,-4.68114640143408,1.33930477049979,3.49520624770656,0.000473695559222179,0.0361942745285265,"Tarv.1014.HPI3.1.g015170.t1","DOWN in weep","Segment.2"
1882.11292324368,-1.11255411330468,0.218601130214079,5.08942525692866,3.59150382382076e-07,0.000132728537172939,"Tarv.1014.HPI3.1.g015690.t1","DOWN in weep","Segment.2"
814.100134920147,-2.96311179442176,0.73252394348965,4.04507159220745,5.23071368499422e-05,0.00795443489574678,"Tarv.1014.HPI3.1.g021980.t1","DOWN in weep","Segment.2"
269.557716053869,-3.10827067778043,0.488675896863801,6.36059747928745,2.00970465858561e-10,3.16987844792053e-07,"Tarv.1014.HPI3.1.g022360.t1","DOWN in weep","Segment.2"
12186.9123018397,-3.48614945088246,0.63631494073612,5.47865408731329,4.28573274108176e-08,2.78345736436963e-05,"Tarv.1014.HPI3.1.g023400.t1","DOWN in weep","Segment.2"
297.770543264596,-1.51903792891634,0.377467186490423,4.02429133785084,5.71471370862718e-05,0.00830212553380957,"Tarv.1014.HPI3.1.g025470.t1","DOWN in weep","Segment.2"
1006.59625117077,-1.69770092845627,0.484430003176422,3.5045329920203,0.000457408888502755,0.0354403616698871,"Tarv.1014.HPI3.1.g026210.t1","DOWN in weep","Segment.2"
797.970123080919,-2.19976796216354,0.32795629659728,6.70750336245193,1.97982399770257e-11,4.37184735172682e-08,"Tarv.1014.HPI3.1.g026500.t1","DOWN in weep","Segment.2"
110.134733267244,2.21352815898135,0.406963202678681,-5.43913588356795,5.35396100354149e-08,3.28406019111675e-05,"Tarv.1014.HPI3.1.g027430.t1","UP in weep","Segment.2"
157.665958297898,1.51611117037557,0.334966059076555,-4.52616355984015,6.00640996703595e-06,0.00138159942595925,"Tarv.1014.HPI3.1.g030350.t1","UP in weep","Segment.2"
717.270357004381,-1.24852292200837,0.284993273183238,4.38088558394017,1.18197928741771e-05,0.00241670987266277,"Tarv.1014.HPI3.1.g031100.t1","DOWN in weep","Segment.2"
2430.10862132256,-1.07075190959797,0.217346320560196,4.92647819773614,8.37249494401465e-07,0.000284432974390356,"Tarv.1014.HPI3.1.g031110.t1","DOWN in weep","Segment.2"
887.961899585011,-2.79986661130742,0.553456056259195,5.0588778994157,4.21730788368343e-07,0.000147819988392853,"Tarv.1014.HPI3.1.g031300.t1","DOWN in weep","Segment.2"
474.62310120981,-3.60736913348199,0.600118663117937,6.01109306406134,1.84276575684839e-09,2.03459767213631e-06,"Tarv.1014.HPI3.1.g031450.t1","DOWN in weep","Segment.2"
366.960746309137,-3.02411329612997,0.539686981401852,5.60345793088199,2.10117132079318e-08,1.61224640521128e-05,"Tarv.1014.HPI3.1.g034900.t1","DOWN in weep","Segment.2"
33.4589373614083,-4.10819079842034,0.778102834620267,5.27975302959182,1.29358127588306e-07,5.80216136328624e-05,"Tarv.1014.HPI3.1.g034970.t1","DOWN in weep","Segment.2"
160.855654264397,-1.76512426162659,0.451061833971239,3.91326449876302,9.10567016655134e-05,0.0112330395875858,"Tarv.1014.HPI3.1.g035820.t1","DOWN in weep","Segment.2"
1341.86951599826,-2.88907368187096,0.788583196406136,3.66362572146799,0.000248670074057698,0.0228797190639253,"Tarv.1014.HPI3.1.g035830.t1","DOWN in weep","Segment.2"
870.649217766464,-2.74395780210054,0.655897218453473,4.18351797339599,2.87032385404433e-05,0.00476560085300803,"Tarv.1014.HPI3.1.g036990.t1","DOWN in weep","Segment.2"
4331.99698892243,-1.6620689772137,0.26332754616681,6.31179305548546,2.75820898945243e-10,4.06045139367257e-07,"Tarv.1014.HPI3.1.g037140.t1","DOWN in weep","Segment.2"
1425.09250167352,-3.24665044631047,0.346029878133796,9.38257257962888,6.43823176983371e-21,1.42169033941468e-16,"Tarv.1014.HPI3.1.g038060.t1","DOWN in weep","Segment.2"
9116.48494818704,-1.03236077014522,0.222696960330947,4.63572007723432,3.55697051996889e-06,0.000924059094375917,"Tarv.1014.HPI3.1.g040440.t1","DOWN in weep","Segment.2"
1506.78885308149,-5.0577872114233,0.671294720080915,7.53437657131231,4.90673375001555e-14,1.80584157779739e-10,"Tarv.1014.HPI3.1.g040810.t1","DOWN in weep","Segment.2"
377.597506808747,1.03350955910709,0.247696605647617,-4.17248171974306,3.01299779640932e-05,0.00496515054778437,"Tarv.1014.HPI3.1.g043430.t1","UP in weep","Segment.2"
1840.81390237451,-1.81311412633196,0.493784935774904,3.67187006927746,0.000240782096822534,0.0222466538160469,"Tarv.1014.HPI3.1.g046090.t1","DOWN in weep","Segment.2"
76.7349619089953,-1.21991031758374,0.36166218268118,3.37306573924855,0.000743362023859283,0.0495919039603042,"Tarv.1014.HPI3.1.g048300.t1","DOWN in weep","Segment.2"
322.72604142963,-2.33873618646792,0.426206969159176,5.48732506904285,4.08065787825736e-08,2.76550333815548e-05,"Tarv.1014.HPI3.1.g048660.t1","DOWN in weep","Segment.2"
779.186478690565,-3.68961631746145,0.708980736951031,5.2041136312513,1.94924713503345e-07,7.97097689552013e-05,"Tarv.1014.HPI3.1.g048960.t1","DOWN in weep","Segment.2"
87.8315187677521,-5.63787688537987,1.26313656247364,4.46339457891952,8.06712975996209e-06,0.0017993773672675,"Tarv.1014.HPI3.2.g051940.t1","DOWN in weep","Segment.2"
146.021507659044,-6.95858148577295,1.44733463252031,4.80785944688938,1.52554958249021e-06,0.000443252445796694,"Tarv.1014.HPI3.2.g058810.t1","DOWN in weep","Segment.2"
362.793129890356,-1.05626329985342,0.301145136165991,3.50748915722554,0.000452356787989766,0.0351723330717958,"Tarv.1014.HPI3.2.g059670.t1","DOWN in weep","Segment.2"
144.612042391424,-2.66718815024226,0.621942447897338,4.28848064521,1.79899471821122e-05,0.00317162786705081,"Tarv.1014.HPI3.2.g062500.t1","DOWN in weep","Segment.2"
11.9892696667202,-3.67248067929176,0.996009454605409,3.68719459670862,0.000226739965843116,0.0212155590074054,"Tarv.1014.HPI3.2.g064750.t1","DOWN in weep","Segment.2"
61.8648953040686,-1.98206651340316,0.498984773593476,3.97219838819761,7.12123727747205e-05,0.00982819759757112,"Tarv.1014.HPI3.2.g065770.t1","DOWN in weep","Segment.2"
26.1425365325682,-2.84697990202151,0.720747912899715,3.95003558257634,7.81395758447554e-05,0.0100727505797379,"Tarv.1014.HPI3.2.g070170.t1","DOWN in weep","Segment.2"
31.4826232833688,-5.11441474024421,1.34931418082432,3.79038093049592,0.000150416425313138,0.0161237645813821,"Tarv.1014.HPI3.2.g070810.t1","DOWN in weep","Segment.2"
2327.24072140697,-1.75788188529588,0.427889924589732,4.10825725093052,3.98655919576059e-05,0.00637907247541922,"Tarv.1014.HPI3.2.g072730.t1","DOWN in weep","Segment.2"
39.8798158735919,-5.6302301622801,1.31552592049013,4.27983217554729,1.87034294623817e-05,0.00325204038888436,"Tarv.1014.HPI3.2.g074930.t1","DOWN in weep","Segment.2"
15.6782545583394,2.78557560749107,0.691740502413439,-4.02690835330933,5.65150475745827e-05,0.00826467073206579,"Tarv.1014.HPI3.2.g075290.t1","UP in weep","Segment.2"
222.28769261657,-1.69865200675116,0.381482802553252,4.4527616851458,8.47728272810426e-06,0.00183524860001959,"Tarv.1014.HPI3.2.g077290.t1","DOWN in weep","Segment.2"
1179.87405047229,-2.35818721099434,0.348836686992466,6.76014679340557,1.37851999459833e-11,3.38227539119116e-08,"Tarv.1014.HPI3.2.g079930.t1","DOWN in weep","Segment.2"
14.3797902271001,3.19444800460563,0.858252894856926,-3.72203580523682,0.000197622991003208,0.0189937362141924,"Tarv.1014.HPI3.2.g086490.t1","UP in weep","Segment.2"
266.912331106219,-1.86569571087155,0.380671336665675,4.90106696031621,9.5317558679335e-07,0.000309529754523099,"Tarv.1014.HPI3.2.g086810.t1","DOWN in weep","Segment.2"
123.042973365062,-1.02044822712245,0.296910351449645,3.43689003141917,0.000588434460049837,0.042463430545165,"Tarv.1014.HPI3.2.g088700.t1","DOWN in weep","Segment.2"
239.938239284904,-4.027545851412,0.830808633564839,4.84774193321823,1.24874697683039e-06,0.000382983760310675,"Tarv.1014.HPI3.2.g089210.t1","DOWN in weep","Segment.2"
395.560247004574,-3.5096401421679,0.77406917807621,4.53401355017181,5.78733138871061e-06,0.00134521949184745,"Tarv.1014.HPI3.2.g089220.t1","DOWN in weep","Segment.2"
961.089459235597,-1.5014180050299,0.278705561816021,5.38711174347148,7.15989230476502e-08,3.82489448447548e-05,"Tarv.1014.HPI3.2.g090900.t1","DOWN in weep","Segment.2"
2794.2057401718,-1.42397910024164,0.20639416056914,6.89931874193998,5.22525120692743e-12,1.44229996439214e-08,"Tarv.1014.HPI3.2.g092100.t1","DOWN in weep","Segment.2"
167.702441680596,-1.43642411490259,0.3325707510479,4.31915347449093,1.56628834053803e-05,0.00290645202821519,"Tarv.1014.HPI3.27.g092220.t1","DOWN in weep","Segment.2"
459.472926676238,-3.19643344873445,0.59211620272394,5.39832119781513,6.72673606244621e-08,3.82489448447548e-05,"Tarv.1014.HPI3.3.g096210.t1","DOWN in weep","Segment.2"
36.9458841717823,-4.94193768776129,1.31219976652276,3.76614736097468,0.000165785964847779,0.0169485447952252,"Tarv.1014.HPI3.3.g096640.t1","DOWN in weep","Segment.2"
175.232520279997,-1.12980336681703,0.26113030765189,4.32658842620122,1.51436542067086e-05,0.00285813822386786,"Tarv.1014.HPI3.3.g098750.t1","DOWN in weep","Segment.2"
1143.57139448965,-2.53034286534787,0.69805433794497,3.62485085730869,0.000289128256728766,0.0250373731964102,"Tarv.1014.HPI3.3.g104850.t1","DOWN in weep","Segment.2"
7073.17181916223,-5.68906001408124,0.704833460397325,8.07149537264339,6.9442354724127e-16,5.11142025672724e-12,"Tarv.1014.HPI3.3.g111370.t1","DOWN in weep","Segment.2"
120.967547414337,-1.49856085444573,0.412468973883217,3.63314806526521,0.000279984243649849,0.0245793208121766,"Tarv.1014.HPI3.3.g111550.t1","DOWN in weep","Segment.2"
1094.28560683404,-2.23701781189525,0.657357810014104,3.40304439654753,0.000666394511831233,0.0461295410979852,"Tarv.1014.HPI3.3.g111670.t1","DOWN in weep","Segment.2"
876.951008264951,-1.35236517191556,0.326343671465346,4.14399079915716,3.41313443663747e-05,0.00558287663924656,"Tarv.1014.HPI3.3.g112070.t1","DOWN in weep","Segment.2"
1081.61752418796,-1.2321682187436,0.284382045518195,4.33279188388413,1.47230273694175e-05,0.00280270595147826,"Tarv.1014.HPI3.3.g114540.t1","DOWN in weep","Segment.2"
195.109045212317,-1.68578382027463,0.410688079664271,4.10477903729935,4.04701516460959e-05,0.00642922222049705,"Tarv.1014.HPI3.3.g115550.t1","DOWN in weep","Segment.2"
123.095128933556,-3.1027896192595,0.553858954544508,5.60212955627164,2.11734198673703e-08,1.61224640521128e-05,"Tarv.1014.HPI3.3.g115680.t1","DOWN in weep","Segment.2"
338.652038730065,-2.83381541555267,0.523436560844573,5.41386602987813,6.16783206401005e-08,3.68102885506675e-05,"Tarv.1014.HPI3.3.g119790.t1","DOWN in weep","Segment.2"
1612.77190661858,-1.70001288992386,0.285634582017009,5.95170541997828,2.65362683278401e-09,2.76452475465153e-06,"Tarv.1014.HPI3.3.g121220.t1","DOWN in weep","Segment.2"
1508.79652645183,-3.37720869298966,0.725385918348074,4.65574063069848,3.22818123146653e-06,0.000848627356586236,"Tarv.1014.HPI3.3.g121340.t1","DOWN in weep","Segment.2"
278.666978625993,-3.49507435939883,0.596443557507705,5.85985767706724,4.63264039048041e-09,4.44773761315602e-06,"Tarv.1014.HPI3.3.g122370.t1","DOWN in weep","Segment.2"
217.389331139866,-3.17995519422094,0.600698862770582,5.29375930487722,1.19827128401024e-07,5.62983542415193e-05,"Tarv.1014.HPI3.3.g123050.t1","DOWN in weep","Segment.2"
22.6721664415652,2.03066024906892,0.598472168457903,-3.39307382380264,0.000691130094071475,0.0469585684224194,"Tarv.1014.HPI3.3.g124100.t1","UP in weep","Segment.2"
506.008562513304,-4.11159908176726,0.800829430535684,5.13417579947951,2.83383120042439e-07,0.000111744036728163,"Tarv.1014.HPI3.3.g124820.t1","DOWN in weep","Segment.2"
239.332226440677,-5.50130734440639,1.08109604997468,5.08863883512963,3.60642705840791e-07,0.000132728537172939,"Tarv.1014.HPI3.3.g127230.t1","DOWN in weep","Segment.2"
784.768871978583,-1.09303277407573,0.211198124717723,5.17539052743307,2.27434753983199e-07,9.1312986135582e-05,"Tarv.1014.HPI3.3.g127440.t1","DOWN in weep","Segment.2"
32.2466172785158,-2.73574292692834,0.714537292478659,3.8286915962613,0.000128826319476268,0.014440318714086,"Tarv.1014.HPI3.4.g128900.t1","DOWN in weep","Segment.2"
80.5229897429883,-1.34127116873179,0.329446970753217,4.0712809277476,4.67553212621075e-05,0.00732234754687842,"Tarv.1014.HPI3.4.g130630.t1","DOWN in weep","Segment.2"
89.8646996973695,-3.77590335056854,0.723853843848459,5.2163891684176,1.82444655943744e-07,7.60140168405614e-05,"Tarv.1014.HPI3.4.g132170.t1","DOWN in weep","Segment.2"
562.688806850203,-1.31064253961109,0.279097373330449,4.69600456633212,2.65299612189081e-06,0.000740789496092979,"Tarv.1014.HPI3.4.g133190.t1","DOWN in weep","Segment.2"
469.069876651835,1.10130287844803,0.30073314372332,-3.66206020664369,0.000250195037802264,0.0229245096462639,"Tarv.1014.HPI3.4.g133880.t1","UP in weep","Segment.2"
150.08492535335,-2.57438707436514,0.71005825975449,3.62559978565034,0.000288291546171237,0.0250373731964102,"Tarv.1014.HPI3.4.g135320.t1","DOWN in weep","Segment.2"
1127.74609281038,-2.29090622446432,0.522133045312299,4.38759095029904,1.14613071260894e-05,0.00236531386876921,"Tarv.1014.HPI3.4.g142740.t1","DOWN in weep","Segment.2"
50.1382037177731,-1.32416237010464,0.386648808186416,3.42471602671078,0.000615442339091503,0.0436346567355752,"Tarv.1014.HPI3.4.g144610.t1","DOWN in weep","Segment.2"
333.831050301288,-2.48315831274623,0.549532071920708,4.5186776889421,6.22270380324254e-06,0.00141659531322888,"Tarv.1014.HPI3.4.g144810.t1","DOWN in weep","Segment.2"
7026.99929704324,-1.91829935832916,0.389928422561183,4.91961921044152,8.67127430605832e-07,0.000290119817009666,"Tarv.1014.HPI3.4.g152500.t1","DOWN in weep","Segment.2"
186.252603197972,-4.19039925560105,0.791446662068775,5.29460727605787,1.19272455646307e-07,5.62983542415193e-05,"Tarv.1014.HPI3.4.g152810.t1","DOWN in weep","Segment.2"
311.73248757261,-1.26537181364032,0.336720306556689,3.75793140182144,0.000171323831064191,0.0173540038420159,"Tarv.1014.HPI3.4.g154890.t1","DOWN in weep","Segment.2"
1383.34350607302,-1.11967563972219,0.30218944171645,3.70521098739381,0.000211214842663219,0.020017365475061,"Tarv.1014.HPI3.4.g155490.t1","DOWN in weep","Segment.2"
17480.5693808133,1.66914383655746,0.392815366155381,-4.24918162671166,2.14552908387802e-05,0.0036166086435263,"Tarv.1014.HPI3.4.g156530.t1","UP in weep","Segment.2"
2142.54938234729,-3.99337816451628,0.728043896287116,5.48507883230907,4.13285074536413e-08,2.76550333815548e-05,"Tarv.1014.HPI3.4.g156680.t1","DOWN in weep","Segment.2"
41.2854362019281,1.24164038198144,0.354970854177696,-3.497865718744,0.000468997203794503,0.0360850043700007,"Tarv.1014.HPI3.4.g157030.t1","UP in weep","Segment.2"
173.379482183163,-1.4719977787777,0.389375408831154,3.78040766158402,0.00015657178123298,0.0165426702066348,"Tarv.1014.HPI3.4.g157220.t1","DOWN in weep","Segment.2"
228.414131431905,-2.28675953284505,0.433617740241603,5.27367614519396,1.33717788233638e-07,5.80216136328624e-05,"Tarv.1014.HPI3.4.g157360.t1","DOWN in weep","Segment.2"
25.3210555208158,-3.23589830656067,0.88785509665546,3.64462435227355,0.000267782637559052,0.0240373016365,"Tarv.1014.HPI3.4.g157370.t1","DOWN in weep","Segment.2"
912.089879196349,-2.16806389063341,0.557578286757294,3.88835781831141,0.000100924764410929,0.0122451683940776,"Tarv.1014.HPI3.4.g159160.t1","DOWN in weep","Segment.2"
414.1970191394,-1.12292399221761,0.250459321935023,4.48345856541498,7.3442868586495e-06,0.00165486267768059,"Tarv.1014.HPI3.4.g160000.t1","DOWN in weep","Segment.2"
13.2403452709616,-3.23965256626794,0.863781936684684,3.75054447040439,0.000176451006299979,0.0177108687323461,"Tarv.1014.HPI3.4.g163310.t1","DOWN in weep","Segment.2"
210.854105913198,-1.24419951151977,0.367905383093575,3.38184644393559,0.000720003798191578,0.0487703186247437,"Tarv.1014.HPI3.4.g166300.t1","DOWN in weep","Segment.2"
167.603868595921,-1.23157555225027,0.31150539948071,3.95362505530673,7.69760025946266e-05,0.00999872993702674,"Tarv.1014.HPI3.4.g167600.t1","DOWN in weep","Segment.2"
91.0084890701319,-1.80823743792207,0.485854546551035,3.72176704068803,0.000197833499196823,0.0189937362141924,"Tarv.1014.HPI3.4.g168960.t1","DOWN in weep","Segment.2"
2911.96435240726,-3.17198590926113,0.476951743937264,6.65053844457347,2.92022708803726e-11,5.86222314163988e-08,"Tarv.1014.HPI3.4.g169690.t1","DOWN in weep","Segment.2"
320.157139400543,-1.77153032081906,0.451371811813546,3.92476950144785,8.6812821648814e-05,0.0107696670092647,"Tarv.1014.HPI3.5.g174330.t1","DOWN in weep","Segment.2"
440.839420204138,-1.47130115541512,0.432989128733697,3.39800945977105,0.000678780729288485,0.0467671284692933,"Tarv.1014.HPI3.5.g176680.t1","DOWN in weep","Segment.2"
337.073787215731,-1.14614126490796,0.316059584335358,3.62634554278169,0.000287460632991112,0.0250373731964102,"Tarv.1014.HPI3.5.g178620.t1","DOWN in weep","Segment.2"
77.7671496368804,-1.90878127187398,0.557979118144997,3.42088298612272,0.000624181818564319,0.0439119196148453,"Tarv.1014.HPI3.5.g178790.t1","DOWN in weep","Segment.2"
69.548479484471,-3.48309892191758,0.903670358921219,3.85439102603257,0.00011601804430829,0.0134837392337666,"Tarv.1014.HPI3.5.g181430.t1","DOWN in weep","Segment.2"
16163.676209241,-1.17306808570727,0.25579354120548,4.58599572209269,4.51827851722843e-06,0.00111464536329797,"Tarv.1014.HPI3.5.g181740.t1","DOWN in weep","Segment.2"
249.902599955841,-1.42196560494353,0.282649141775479,5.03085060160227,4.88308551100535e-07,0.000168481709771907,"Tarv.1014.HPI3.5.g182180.t1","DOWN in weep","Segment.2"
563.667854403189,-1.20627902447145,0.223947686480819,5.38643217720746,7.18700313594851e-08,3.82489448447548e-05,"Tarv.1014.HPI3.5.g184050.t1","DOWN in weep","Segment.2"
4062.04158004069,-1.10597480833451,0.281328616640362,3.93125598647625,8.45032364293653e-05,0.0105423755188319,"Tarv.1014.HPI3.5.g190890.t1","DOWN in weep","Segment.2"
80.1361112320032,-2.95924212479935,0.810945738027436,3.6491247022242,0.00026313535544274,0.023716550689333,"Tarv.1014.HPI3.5.g193230.t1","DOWN in weep","Segment.2"
76.4930856017786,-4.2526597442093,1.24192795806266,3.42424028431022,0.000616520826985756,0.0436346567355752,"Tarv.1014.HPI3.5.g195190.t1","DOWN in weep","Segment.2"
1184.12753539602,-3.62638346025985,0.798017876058124,4.54423837993789,5.51342363368579e-06,0.00129518532637287,"Tarv.1014.HPI3.5.g196720.t1","DOWN in weep","Segment.2"
55.1916427044713,-5.14260852789837,1.33104501404883,3.86358723680979,0.000111733964224996,0.0130721501116314,"Tarv.1014.HPI3.5.g197790.t1","DOWN in weep","Segment.2"
2530.59267391568,-2.84384744622914,0.70529562768967,4.03213536931273,5.52723324305095e-05,0.00813682429820341,"Tarv.1014.HPI3.5.g199320.t1","DOWN in weep","Segment.2"
1144.07794996006,-1.74016359984049,0.46182066555244,3.76805052185975,0.000164527409105195,0.0169485447952252,"Tarv.1014.HPI3.5.g199330.t1","DOWN in weep","Segment.2"
60.1166254030077,-4.62731695399614,1.31267388347692,3.52510780647181,0.000423310480769075,0.0335037348972857,"Tarv.1014.HPI3.5.g199370.t1","DOWN in weep","Segment.2"
152.772234497857,-1.9804058835655,0.521751157073545,3.79569044882128,0.000147233117337978,0.0158595204734499,"Tarv.1014.HPI3.5.g199380.t1","DOWN in weep","Segment.2"
1119.20053290452,-4.17315759481252,0.716110191359618,5.82753554573674,5.62518711770594e-09,5.17564091388261e-06,"Tarv.1014.HPI3.5.g200310.t1","DOWN in weep","Segment.2"
1788.15127784103,-1.37677832286263,0.298085682245749,4.61873348793579,3.86089368000917e-06,0.000991351793511192,"Tarv.1014.HPI3.5.g201740.t1","DOWN in weep","Segment.2"
1720.3493427868,1.00822485752646,0.153834744119008,-6.5539476358246,5.60356232314631e-11,1.03114886016431e-07,"Tarv.1014.HPI3.5.g202910.t1","UP in weep","Segment.2"
1442.5372380522,-2.4424893490381,0.44671601807972,5.46765562501548,4.56026774209765e-08,2.87713806517144e-05,"Tarv.1014.HPI3.5.g203070.t1","DOWN in weep","Segment.2"
84.2678309915491,-1.69408502382845,0.472074072715057,3.58860001373343,0.000332458454016203,0.027808134778734,"Tarv.1014.HPI3.5.g204970.t1","DOWN in weep","Segment.2"
350.682088403911,-1.55315410491347,0.405258885359173,3.83249858553241,0.000126848328902862,0.0142911469328214,"Tarv.1014.HPI3.5.g205820.t1","DOWN in weep","Segment.2"
336.219127426898,-1.35593056860188,0.365084584449079,3.71401759032912,0.000203994605131251,0.0195004713009017,"Tarv.1014.HPI3.5.g206750.t1","DOWN in weep","Segment.2"
103.862245458629,-4.32843242331139,1.09858774179472,3.93999701493137,8.14826230052026e-05,0.0103408004666717,"Tarv.1014.HPI3.5.g207650.t1","DOWN in weep","Segment.2"
2093.30287531855,-1.07574637245397,0.173717386319672,6.1925083910392,5.92141962675072e-10,7.26426601099497e-07,"Tarv.1014.HPI3.5.g208050.t1","DOWN in weep","Segment.2"
3029.21129853014,-1.31379160685666,0.2209682723842,5.94561197714557,2.75425888064187e-09,2.76452475465153e-06,"Tarv.1014.HPI3.5.g212000.t1","DOWN in weep","Segment.2"
79.235596058284,1.58485191583318,0.369316730044604,-4.2913082102773,1.77623576193705e-05,0.00316313210444306,"Tarv.1014.HPI3.5.g212250.t1","UP in weep","Segment.2"
1358.64705586222,-1.35207731482219,0.39093408031899,3.45858133862091,0.000543028278210051,0.0402387598638736,"Tarv.1014.HPI3.5.g214070.t1","DOWN in weep","Segment.2"
219.208811799166,-2.92904100609477,0.469905586697928,6.2332542727943,4.56843729020378e-10,6.3050145151425e-07,"Tarv.1014.HPI3.5.g217130.t1","DOWN in weep","Segment.2"
170.246199947285,-5.54807092837514,1.26072845809807,4.40068667660993,1.07908846911275e-05,0.00224796524291959,"Tarv.1014.HPI3.5.g218550.t1","DOWN in weep","Segment.2"
230.532649200772,-2.04040052773325,0.502089991575671,4.06381437982864,4.82772232243427e-05,0.00748384278131392,"Tarv.1014.HPI3.5.g218840.t1","DOWN in weep","Segment.2"
286.750743954356,-2.84812194358737,0.473560999857171,6.0142662601996,1.80703291526806e-09,2.03459767213631e-06,"Tarv.1014.HPI3.5.g219620.t1","DOWN in weep","Segment.2"
283.486597426576,-1.20565184015295,0.304675116674992,3.9571719978664,7.58423227597726e-05,0.0099687510189363,"Tarv.1014.HPI3.5.g220030.t1","DOWN in weep","Segment.2"
8422.42127623046,-1.88556031833255,0.446081959538776,4.22693695185997,2.368940091158e-05,0.00396294962825387,"Tarv.1014.HPI3.5.g220410.t1","DOWN in weep","Segment.2"
28.4144185499969,-1.99354575540339,0.518252893173853,3.8466659456441,0.000119736043697936,0.0136995405022685,"Tarv.1014.HPI3.5.g221550.t1","DOWN in weep","Segment.2"
118.140493880055,-1.467842164829,0.314106199595554,4.67307607019221,2.96721803280222e-06,0.000799050104882179,"Tarv.1014.HPI3.5.g221950.t1","DOWN in weep","Segment.2"
101.804670700565,-2.1844601749041,0.553159305857983,3.9490616026352,7.84581604797988e-05,0.0100727505797379,"Tarv.1014.HPI3.6.g223510.t1","DOWN in weep","Segment.2"
235.420812221737,-1.23547750247534,0.349288023245285,3.53713102154588,0.000404498946313246,0.0322460134746899,"Tarv.1014.HPI3.6.g223840.t1","DOWN in weep","Segment.2"
438.545764078432,-1.32937170287745,0.368539731750106,3.60713265992946,0.00030959939254539,0.0261937692957368,"Tarv.1014.HPI3.6.g223890.t1","DOWN in weep","Segment.2"
1707.41333377187,-1.08366512428833,0.297772656344109,3.63923651551146,0.000273447564956596,0.0243478593926272,"Tarv.1014.HPI3.6.g224640.t1","DOWN in weep","Segment.2"
218.382028228009,-3.73690646139701,0.799015114386396,4.67689082986468,2.91257212185344e-06,0.00079401750116997,"Tarv.1014.HPI3.6.g224740.t1","DOWN in weep","Segment.2"
16.905212899245,-4.86634435777439,1.36076337310236,3.57618705350641,0.000348642230490237,0.0289425478709978,"Tarv.1014.HPI3.6.g227690.t1","DOWN in weep","Segment.2"
272.432456258487,-2.88056843577383,0.534427804882477,5.39000480412369,7.04558002212648e-08,3.82489448447548e-05,"Tarv.1014.HPI3.6.g229250.t1","DOWN in weep","Segment.2"
775.692829643725,-1.47912198485549,0.341358251879509,4.33304886204298,1.4705845485085e-05,0.00280270595147826,"Tarv.1014.HPI3.6.g230190.t1","DOWN in weep","Segment.2"
577.824569201241,-1.0271235327333,0.259554761650688,3.95725174218,7.58170171405575e-05,0.0099687510189363,"Tarv.1014.HPI3.6.g230390.t1","DOWN in weep","Segment.2"
740.330793781963,-1.00729437851521,0.214608063500589,4.69364646455816,2.68377681765412e-06,0.000740789496092979,"Tarv.1014.HPI3.6.g233900.t1","DOWN in weep","Segment.2"
15.9175068703311,-5.89427952828367,1.5633310219855,3.77033363081204,0.000163029454725805,0.0169092884919899,"Tarv.1014.HPI3.6.g235130.t1","DOWN in weep","Segment.2"
3577.48803620067,-1.53962412289294,0.357703058595641,4.30419613669945,1.67593140997465e-05,0.00308399311625502,"Tarv.1014.HPI3.6.g236110.t1","DOWN in weep","Segment.2"
986.596086782972,-1.02966826017853,0.231868927726298,4.44073412628175,8.96525055808436e-06,0.00192204527013222,"Tarv.1014.HPI3.6.g236230.t1","DOWN in weep","Segment.2"
12877.2974419425,-1.53546959050136,0.390097070585104,3.93612181757305,8.28089501993839e-05,0.0104490699331588,"Tarv.1014.HPI3.6.g243480.t1","DOWN in weep","Segment.2"
5547.20021100829,-2.45126012974523,0.479121911536509,5.11615117305784,3.11833166562472e-07,0.000120805262877763,"Tarv.1014.HPI3.6.g244080.t1","DOWN in weep","Segment.2"
261.925123023002,-1.45210495438926,0.401097138457958,3.62033237128534,0.000294224818880858,0.0253543557353639,"Tarv.1014.HPI3.6.g244650.t1","DOWN in weep","Segment.2"
125.067728795509,-4.9113838573483,1.28952558315851,3.80867500536017,0.000139713446216132,0.0153067028637756,"Tarv.1014.HPI3.6.g245060.t1","DOWN in weep","Segment.2"
457.823287009597,-2.80272459971938,0.72461552025047,3.86787823527516,0.000109786458810291,0.01303389560994,"Tarv.1014.HPI3.6.g245070.t1","DOWN in weep","Segment.2"
3710.68949605536,-1.44311277890754,0.285127532887114,5.06128876539922,4.16431939985291e-07,0.000147819988392853,"Tarv.1014.HPI3.6.g246020.t1","DOWN in weep","Segment.2"
330.360191477364,-1.64984209369568,0.340540709902343,4.84477199266076,1.2675716070862e-06,0.000383431729146267,"Tarv.1014.HPI3.6.g247250.t1","DOWN in weep","Segment.2"
45.5670100445356,-1.50491775341702,0.415771731228889,3.61957689852785,0.000295085111130718,0.0253543557353639,"Tarv.1014.HPI3.6.g248200.t1","DOWN in weep","Segment.2"
478.134116962055,-2.19519165566294,0.498428100400297,4.4042293239485,1.06160597950894e-05,0.002232607927573,"Tarv.1014.HPI3.6.g253230.t1","DOWN in weep","Segment.2"
351.473921199216,-1.3726302477928,0.36854702065692,3.72443723828277,0.000195751402419625,0.0189586950360972,"Tarv.1014.HPI3.6.g256930.t1","DOWN in weep","Segment.2"
62.816945809457,-4.70635675453841,1.27611739434943,3.68802805711908,0.000225998735193489,0.0212155590074054,"Tarv.1014.HPI3.6.g257160.t1","DOWN in weep","Segment.2"
15017.7032598773,-1.30917474285966,0.227018232456433,5.76682642928648,8.07781690529965e-09,7.13497411611308e-06,"Tarv.1014.HPI3.6.g258760.t1","DOWN in weep","Segment.2"
1675.56961644454,-1.49723670459531,0.269784109510171,5.54975868413357,2.86064181363106e-08,2.0473128922643e-05,"Tarv.1014.HPI3.6.g260120.t1","DOWN in weep","Segment.2"
166.952152484297,-1.67463378663963,0.42216997661414,3.96672875714758,7.28658375630495e-05,0.0099687510189363,"Tarv.1014.HPI3.6.g261110.t1","DOWN in weep","Segment.2"
854.288539726848,-1.80378209140465,0.337740375182992,5.34073573651754,9.25701156325143e-08,4.54251842977151e-05,"Tarv.1014.HPI3.6.g265690.t1","DOWN in weep","Segment.2"
1614.99922118183,-2.43203309370199,0.614872647522224,3.95534441725851,7.64244707894498e-05,0.00998582937261912,"Tarv.1014.HPI3.6.g265950.t1","DOWN in weep","Segment.2"
727.030078894183,-1.41233224193895,0.289036565071505,4.88634454118132,1.02725368383766e-06,0.000324054512092904,"Tarv.1014.HPI3.7.g268230.t1","DOWN in weep","Segment.2"
2644.57976314112,1.01878318252024,0.262670967754689,-3.87855266696888,0.00010507977890654,0.0126107156402946,"Tarv.1014.HPI3.7.g270260.t1","UP in weep","Segment.2"
436.500660759852,-1.86921184563545,0.380959876025861,4.90658455986204,9.26760434422672e-07,0.000305443640491365,"Tarv.1014.HPI3.7.g270780.t1","DOWN in weep","Segment.2"
113.773269956075,-1.55676908530911,0.404434208116011,3.84925175484305,0.000118479188644261,0.013626340852305,"Tarv.1014.HPI3.7.g272560.t1","DOWN in weep","Segment.2"
192.91105144685,-7.04774563185719,1.47195173148896,4.78802767854894,1.68428423027606e-06,0.000483017719129299,"Tarv.1014.HPI3.7.g274530.t1","DOWN in weep","Segment.2"
185.752832118066,-2.2594911454024,0.496044388696219,4.55501805260039,5.2381079645218e-06,0.0012572597833975,"Tarv.1014.HPI3.7.g274600.t1","DOWN in weep","Segment.2"
81.6401725421818,-1.74743151242449,0.358737241382808,4.87106246814172,1.10999735881131e-06,0.000345224812355936,"Tarv.1014.HPI3.7.g276280.t1","DOWN in weep","Segment.2"
452.394513052835,-1.20740085576566,0.34098199199438,3.540951968471,0.000398686149330366,0.0320137729073205,"Tarv.1014.HPI3.7.g277520.t1","DOWN in weep","Segment.2"
16.4572685330033,-2.71309531082531,0.735734325051664,3.68760192156971,0.000226377430450535,0.0212155590074054,"Tarv.1014.HPI3.7.g278750.t1","DOWN in weep","Segment.2"
436.810620534508,-1.47485456713566,0.343626777069384,4.2920245613975,1.77051358417705e-05,0.00316313210444306,"Tarv.1014.HPI3.7.g281610.t1","DOWN in weep","Segment.2"
1702.31350123619,-1.39167673072884,0.264089359927185,5.2697190493118,1.36632728417211e-07,5.80216136328624e-05,"Tarv.1014.HPI3.7.g281620.t1","DOWN in weep","Segment.2"
635.099056592491,-1.19414764837067,0.235388191857741,5.07309920241185,3.91388327209953e-07,0.000141682574450003,"Tarv.1014.HPI3.7.g284510.t1","DOWN in weep","Segment.2"
55.5674535818584,-5.77076638271219,1.32142059888484,4.36709279965984,1.25911240155007e-05,0.00252761091372988,"Tarv.1014.HPI3.7.g285950.t1","DOWN in weep","Segment.2"
9.01533620920144,-5.53826429756392,1.45719321178196,3.80063827691821,0.00014432385350818,0.0156414536492464,"Tarv.1014.HPI3.7.g287040.t1","DOWN in weep","Segment.2"
609.72517283687,-5.24471874311743,0.753483093110008,6.96063228369174,3.38748906831954e-12,1.06860762295189e-08,"Tarv.1014.HPI3.7.g287780.t1","DOWN in weep","Segment.2"
3000.50851718274,-1.98780227498672,0.376538414363019,5.27914868486776,1.29785460647644e-07,5.80216136328624e-05,"Tarv.1014.HPI3.7.g289100.t1","DOWN in weep","Segment.2"
359.118877456549,-1.02989044587447,0.274685814322078,3.74933976265295,0.00017730074089889,0.0177156333055624,"Tarv.1014.HPI3.7.g290700.t1","DOWN in weep","Segment.2"
53.4228021517066,-2.86996958738451,0.720580271157329,3.98285895723322,6.80911690628025e-05,0.00949213323347694,"Tarv.1014.HPI3.7.g292580.t1","DOWN in weep","Segment.2"
1448.41663019006,-2.69710565635451,0.476776424745526,5.65696103324332,1.54076726742411e-08,1.3085854922792e-05,"Tarv.1014.HPI3.7.g293610.t1","DOWN in weep","Segment.2"
7479.49332186038,-1.13453011702955,0.215204289873189,5.27187500629323,1.35037034917379e-07,5.80216136328624e-05,"Tarv.1014.HPI3.7.g294110.t1","DOWN in weep","Segment.2"
1863.15928282173,-2.60984592867648,0.40845646377277,6.3895326923468,1.66393462419623e-10,2.82638495165394e-07,"Tarv.1014.HPI3.7.g295410.t1","DOWN in weep","Segment.2"
2461.22705682773,-1.92449471132497,0.526424944929104,3.65578175932402,0.000256399418460944,0.0233959171836966,"Tarv.1014.HPI3.7.g296230.t1","DOWN in weep","Segment.2"
1366.43952069207,-1.68596139359944,0.496475526553249,3.39586002416701,0.00068413336144872,0.0467709996517357,"Tarv.1014.HPI3.7.g296430.t1","DOWN in weep","Segment.2"
5985.14341164308,-2.01000892608865,0.565873366527807,3.55204723350393,0.000382246237193175,0.0311926939090632,"Tarv.1014.HPI3.7.g296450.t1","DOWN in weep","Segment.2"
259.722622152373,-2.24329478593667,0.522607601663549,4.29250316833487,1.766700287337e-05,0.00316313210444306,"Tarv.1014.HPI3.7.g296760.t1","DOWN in weep","Segment.2"
1352.46650551989,-2.07411390361809,0.608330981271472,3.40951548987853,0.000650783821159797,0.0451905922605366,"Tarv.1014.HPI3.7.g296810.t1","DOWN in weep","Segment.2"
486.607642997977,-3.48911671689657,0.87622960492722,3.98196625322466,6.83474859216934e-05,0.00949213323347694,"Tarv.1014.HPI3.7.g296830.t1","DOWN in weep","Segment.2"
131.169930318895,-3.84814147431039,1.08359282444497,3.55127995267177,0.000383362408855037,0.0311926939090632,"Tarv.1014.HPI3.7.g296970.t1","DOWN in weep","Segment.2"
55.135444125644,-4.79866046175561,1.28584391252306,3.73191521538548,0.000190029465863017,0.0187331726124426,"Tarv.1014.HPI3.7.g297730.t1","DOWN in weep","Segment.2"
140.287468925067,-2.48766087014857,0.542582038109039,4.58485665839282,4.54297992468151e-06,0.00111464536329797,"Tarv.1014.HPI3.7.g297840.t1","DOWN in weep","Segment.2"
522.290187004658,-1.1858701640052,0.277304984780857,4.27641127671162,1.89930200689845e-05,0.00327318704659164,"Tarv.1014.HPI3.7.g297940.t1","DOWN in weep","Segment.2"
52.2963510433325,1.27688156430975,0.37615838581322,-3.39453169852706,0.000687460812176648,0.0468534248595208,"Tarv.1014.HPI3.7.g302630.t1","UP in weep","Segment.2"
6475.13150753585,-1.17172130930343,0.271218240654826,4.32021572912811,1.55876740092654e-05,0.00290645202821519,"Tarv.1014.HPI3.7.g302680.t1","DOWN in weep","Segment.2"
1036.71593576707,-2.23354268470894,0.26786716852815,8.33824726255773,7.53997812660254e-17,8.32488984958186e-13,"Tarv.1014.HPI3.7.g308230.t1","DOWN in weep","Segment.2"
136.407037672612,-1.84344604128914,0.542711759011375,3.39673134160062,0.000681958851875394,0.0467671284692933,"Tarv.1014.HPI3.7.g308460.t1","DOWN in weep","Segment.2"
604.49243894172,1.03306685195123,0.25379407522783,-4.07049239043052,4.69138736348536e-05,0.0235313870951517,"Tarv.1014.HPI3.1.g002310.t1","UP in weep","Segment.3"
90.4764672306963,-2.48692565177182,0.640635275046645,3.88196802243015,0.000103614505042914,0.0412189219802615,"Tarv.1014.HPI3.1.g003420.t1","DOWN in weep","Segment.3"
43.3515140030596,2.30164395243056,0.590490996970361,-3.89784766277493,9.70514336681813e-05,0.0392853987548412,"Tarv.1014.HPI3.1.g021780.t1","UP in weep","Segment.3"
25.2803194393392,2.93858286827812,0.585714377026998,-5.01709191977486,5.24594725897731e-07,0.00100866450921986,"Tarv.1014.HPI3.1.g023360.t1","UP in weep","Segment.3"
215.988036770434,-1.88987222360015,0.493481302047936,3.82967341570435,0.000128313434004696,0.0448572100422781,"Tarv.1014.HPI3.1.g025440.t1","DOWN in weep","Segment.3"
122.536159217216,-1.22482561485943,0.277129811059054,4.41968191793856,9.88462827693785e-06,0.00735703316883184,"Tarv.1014.HPI3.1.g025580.t1","DOWN in weep","Segment.3"
744.340638618148,-1.11031173878137,0.245713700728292,4.51872132278511,6.22142173526603e-06,0.00574187454791173,"Tarv.1014.HPI3.2.g051010.t1","DOWN in weep","Segment.3"
28.7567708389421,-5.11274776988352,1.33237035329737,3.83733228319768,0.000124378124719449,0.0448572100422781,"Tarv.1014.HPI3.2.g052530.t1","DOWN in weep","Segment.3"
2308.16822075728,2.85092879531895,0.690489944774649,-4.12884911198727,3.64583550436159e-05,0.0195628750214267,"Tarv.1014.HPI3.2.g059000.t1","UP in weep","Segment.3"
271.292185221799,-3.56311901781237,0.783814971890593,4.54586751413792,5.47094433185464e-06,0.00525962910703675,"Tarv.1014.HPI3.2.g059070.t1","DOWN in weep","Segment.3"
1054.34544937002,1.14005754643586,0.180874125353594,-6.30304386659587,2.9185624409552e-10,1.34679982400319e-06,"Tarv.1014.HPI3.2.g059510.t1","UP in weep","Segment.3"
1155.47106081576,-2.25602439061578,0.340307941603444,6.6293615717164,3.37141833607145e-11,1.94471838170442e-07,"Tarv.1014.HPI3.2.g063090.t1","DOWN in weep","Segment.3"
372.321324685006,-2.25854533095966,0.589724066343644,3.82983408658035,0.000128229685772025,0.0448572100422781,"Tarv.1014.HPI3.2.g063100.t1","DOWN in weep","Segment.3"
201.97925061,-1.73725770350807,0.429173556641884,4.0479141284972,5.16760970971484e-05,0.0253685657089895,"Tarv.1014.HPI3.2.g066880.t1","DOWN in weep","Segment.3"
493.010441148862,-2.51296880740586,0.589809169754099,4.26064723350021,2.03835748954707e-05,0.0134374349589485,"Tarv.1014.HPI3.2.g069920.t1","DOWN in weep","Segment.3"
157.739462259915,1.20770304219044,0.214976153594952,-5.61784654713814,1.93352100051393e-08,5.57651625560724e-05,"Tarv.1014.HPI3.2.g072460.t1","UP in weep","Segment.3"
55.7819221846629,3.66028588130021,0.817220065274219,-4.47894763826192,7.50119294854934e-06,0.00618125088935282,"Tarv.1014.HPI3.2.g075740.t1","UP in weep","Segment.3"
343.346648513349,1.46529225808253,0.381742240690884,-3.838433638967,0.000123821668205191,0.0448572100422781,"Tarv.1014.HPI3.2.g076110.t1","UP in weep","Segment.3"
404.920468593173,-2.0356735922107,0.42864519709868,4.74908760436213,2.04336420138369e-06,0.00248139695886978,"Tarv.1014.HPI3.2.g080130.t1","DOWN in weep","Segment.3"
438.268292003839,-1.924184776481,0.428613582935195,4.48932290783685,7.1449918764304e-06,0.00610579250240291,"Tarv.1014.HPI3.3.g096150.t1","DOWN in weep","Segment.3"
403.098364827977,-3.69717451112074,0.632320322125422,5.8469961849295,5.00528979924924e-09,1.92478419230129e-05,"Tarv.1014.HPI3.3.g111560.t1","DOWN in weep","Segment.3"
19.9334577298608,3.12805981318812,0.81308581112053,-3.84714598435469,0.000119501770474731,0.0448572100422781,"Tarv.1014.HPI3.3.g117280.t1","UP in weep","Segment.3"
2721.83609654694,-1.09162133803681,0.24431837088867,4.46802806545498,7.89439504813568e-06,0.00618847187019537,"Tarv.1014.HPI3.3.g126550.t1","DOWN in weep","Segment.3"
216.332241997079,1.06503567984395,0.215534842398657,-4.94136199971808,7.75787168626613e-07,0.00111873358385761,"Tarv.1014.HPI3.4.g132450.t1","UP in weep","Segment.3"
27.6223943050757,3.46679261862568,0.871506676218438,-3.97793007584115,6.95178072551324e-05,0.0314506738587778,"Tarv.1014.HPI3.4.g132470.t1","UP in weep","Segment.3"
258.927284106147,-3.21655021894944,0.476529805082286,6.74994551158037,1.47900688795675e-11,1.13750419752753e-07,"Tarv.1014.HPI3.4.g133500.t1","DOWN in weep","Segment.3"
716.204029929646,-2.22389790130265,0.44030876814857,5.05076905611894,4.40034822927287e-07,0.000922993042672845,"Tarv.1014.HPI3.4.g135590.t1","DOWN in weep","Segment.3"
26.6364265052499,-5.47321007268251,1.30403552516939,4.19713264481163,2.70315625596993e-05,0.0155924810734986,"Tarv.1014.HPI3.4.g145030.t1","DOWN in weep","Segment.3"
914.083637822956,-2.04230730049631,0.384822747077335,5.30713767833969,1.11360065938487e-07,0.000256941080139872,"Tarv.1014.HPI3.4.g155320.t1","DOWN in weep","Segment.3"
17480.5693808133,2.99197681017956,0.393425272130071,-7.60494310388476,2.85029260368165e-14,3.28824006223734e-10,"Tarv.1014.HPI3.4.g156530.t1","UP in weep","Segment.3"
82.3515768591199,-1.32715506565668,0.345881497278822,3.83702243715811,0.000124535097820862,0.0448572100422781,"Tarv.1014.HPI3.4.g166470.t1","DOWN in weep","Segment.3"
519.264255974328,-1.78430830288359,0.360822293707871,4.94511656845738,7.60983143829008e-07,0.00111873358385761,"Tarv.1014.HPI3.4.g172630.t1","DOWN in weep","Segment.3"
201.925474559596,-5.86873291755634,1.22758555501459,4.78071193782218,1.74675501979879e-06,0.00223904880954541,"Tarv.1014.HPI3.5.g182260.t1","DOWN in weep","Segment.3"
200.297612806154,1.78225860866072,0.417478440769444,-4.26910334669231,1.96260325536422e-05,0.0133185720326525,"Tarv.1014.HPI3.5.g188370.t1","UP in weep","Segment.3"
37.455577104787,-3.499579187689,0.830931249203295,4.21163506733491,2.53528889444681e-05,0.0153938738583082,"Tarv.1014.HPI3.5.g200240.t1","DOWN in weep","Segment.3"
31.9909881391874,-3.02791960173162,0.724315133165336,4.18038980974936,2.91009802766194e-05,0.0163026061791474,"Tarv.1014.HPI3.5.g210470.t1","DOWN in weep","Segment.3"
1758.90878271096,-1.4029466732475,0.241647619433189,5.80575416607979,6.40769203009946e-09,2.11206683157836e-05,"Tarv.1014.HPI3.5.g222800.t1","DOWN in weep","Segment.3"
592.57360573803,-4.5038508342202,1.06165349056597,4.24229833391229,2.21242319086674e-05,0.0137965514278022,"Tarv.1014.HPI3.6.g229670.t1","DOWN in weep","Segment.3"
80.8036666382117,-1.8785820988796,0.466064969129281,4.03073009840074,5.56038648564498e-05,0.0261826117108748,"Tarv.1014.HPI3.6.g237840.t1","DOWN in weep","Segment.3"
62.0281154984922,-5.71197179777144,1.38760228210015,4.1164329804404,3.8478114922929e-05,0.0200765384399915,"Tarv.1014.HPI3.6.g254670.t1","DOWN in weep","Segment.3"
2644.57976314112,2.93499418545374,0.342762849178147,-8.56275466402226,1.10202272164107e-17,2.54269702564243e-13,"Tarv.1014.HPI3.7.g270260.t1","UP in weep","Segment.3"
201.777095155593,-1.2272379299496,0.274922210512916,4.46394610191723,8.04638131607771e-06,0.00618847187019537,"Tarv.1014.HPI3.7.g285090.t1","DOWN in weep","Segment.3"
206.892564013715,1.97923927761057,0.408096139603621,-4.8499338404254,1.23502661051794e-06,0.00167622170496943,"Tarv.1014.HPI3.7.g299120.t1","UP in weep","Segment.3"
